Customer_ID,Age,Gender,Region,Purchase_Category,Total_Amount_Spent,Discount_Used,High_Spender
C0001,54.0,0.0,1.0,0.0,2243.0,0.0,1.0
C0002,46.0,1.0,5.0,1.0,2574.0,1.0,0.0
C0003,35.0,1.0,5.0,1.0,1615.0,0.0,0.0
C0005,57.0,0.0,5.0,0.0,3372.0,0.0,0.5487098472880464
C0006,45.0,1.0,1.0,0.0,3024.988947368421,1.0,0.5487098472880464
C0007,28.0,0.0,4.0,1.0,3077.0,1.0,1.0
C0008,18.0,0.0,5.0,0.0,3227.0,0.0,1.0
C0009,34.0,0.0,3.0,1.0,2114.0,0.0,0.0
C0001,21.0,0.0,1.0,1.0,2986.0,0.6192733017377567,0.0
C0011,18.0,1.0,4.0,1.0,2957.0,0.0,0.5487098472880464
C0012,44.0,1.0,2.0,0.0,3341.0,1.0,0.0
C0013,49.68667719852554,0.0,3.0,1.0,3633.0,1.0,1.0
C0014,47.0,0.0,1.0,0.0,3624.0,0.0,1.0
C0015,53.0,1.0,3.0,0.0,3024.988947368421,0.0,0.0
C0016,33.0,1.0,2.0,0.0,2705.0,1.0,1.0
C0017,51.0,1.0,4.0,1.0,11860.0,0.0,0.0
C0018,50.0,1.0,5.0,1.0,1627.0,1.0,0.5487098472880464
C0019,47.0,0.0,5.0,1.0,2035.0,1.0,0.0
C0020,59.0,0.0,4.0,0.0,1320.0,0.0,1.0
C0021,52.0,0.5968421052631578,3.0,0.0,2738.0,0.0,0.0
C0022,41.0,1.0,5.0,1.0,1426.0,1.0,1.0
C0023,55.0,0.0,3.0,0.0,3562.0,1.0,1.0
C0024,39.0,0.0,5.0,1.0,3083.0,0.6192733017377567,0.0
C0026,39.0,1.0,1.0,0.0,2152.0,0.0,1.0
C0028,63.0,1.0,4.0,1.0,4314.0,1.0,1.0
C0029,42.0,0.0,2.0,1.0,2830.0,1.0,0.0
C0030,22.0,0.0,1.0,0.0,1301.0,1.0,0.0
C0031,61.0,1.0,2.909952606635071,0.0,2204.0,0.0,1.0
C0032,35.0,0.0,4.0,1.0,3411.0,1.0,1.0
C0033,27.0,1.0,4.0,1.0,3378.0,0.0,1.0
C0034,31.0,0.0,3.0,0.0,3035.0,0.6192733017377567,1.0
C0035,39.0,0.0,1.0,0.0,2651.0,0.0,0.0
C0036,52.0,1.0,5.0,1.0,2787.0,0.6192733017377567,1.0
C0037,35.0,1.0,2.0,1.0,2875.0,1.0,0.0
C0038,36.0,1.0,5.0,0.0,2500.0,0.0,1.0
C0039,48.0,0.0,2.0,0.0,1398.0,0.0,0.5487098472880464
C0040,53.0,1.0,2.0,0.0,1609.0,1.0,0.0
C0041,32.0,1.0,1.0,0.0,2286.0,0.0,1.0
C0042,27.0,0.0,5.0,1.0,2353.0,1.0,1.0
C0043,44.0,0.0,1.0,0.0,1213.0,0.0,0.0
C0044,53.0,0.0,0.0,0.0,2706.0,0.0,1.0
C0045,44.0,0.0,0.0,0.0,4101.0,1.0,1.0
C0046,29.0,1.0,2.0,0.0,1827.0,1.0,0.5487098472880464
C0047,31.0,0.0,0.0,1.0,2507.0,0.0,0.0
C0048,20.0,1.0,0.0,1.0,2700.0,0.0,0.0
C0049,63.0,0.0,3.0,1.0,1720.0,0.0,0.0
C0050,52.0,1.0,2.909952606635071,1.0,3062.0,1.0,1.0
C0051,54.0,1.0,1.0,1.0,764.0,0.0,1.0
C0053,32.0,1.0,4.0,1.0,564.0,1.0,0.0
C0054,48.0,1.0,2.0,1.0,2615.0,1.0,1.0
C0056,62.0,1.0,4.0,1.0,3362.0,1.0,1.0
C0001,38.0,0.0,4.0,1.0,2742.0,0.0,1.0
C0058,22.0,1.0,5.0,0.0,3380.0,1.0,1.0
C0059,49.68667719852554,1.0,4.0,1.0,3388.0,1.0,1.0
C0060,50.0,0.0,2.0,1.0,1596.0,1.0,1.0
C0001,21.0,0.0,3.0,1.0,3601.0,0.0,1.0
C0063,28.0,1.0,1.0,1.0,723.0,0.0,0.0
C0064,24.0,1.0,3.0,1.0,1931.0,1.0,0.0
C0065,26.0,0.0,0.0,0.0,2478.0,0.0,0.0
C0066,36.0,0.0,4.0,1.0,2993.0,0.6192733017377567,1.0
C0067,36.0,0.0,2.0,1.0,2186.0,1.0,0.0
C0068,49.68667719852554,1.0,3.0,0.0,3850.0,0.0,1.0
C0069,56.0,0.0,2.0,1.0,2694.0,1.0,0.0
C0070,22.0,1.0,0.0,0.0,1271.0,0.0,0.0
C0071,49.68667719852554,0.0,5.0,0.0,4311.0,0.6192733017377567,1.0
C0072,55.0,0.0,5.0,1.0,2788.0,1.0,0.5487098472880464
C0001,30.0,1.0,5.0,1.0,3277.0,1.0,1.0
C0074,49.68667719852554,0.0,0.0,1.0,2316.0,1.0,0.0
C0075,51.0,0.0,1.0,0.0,1526.0,0.0,0.0
C0076,31.0,0.0,0.0,1.0,2222.0,0.0,0.0
C0077,45.0,0.0,2.0,1.0,4094.0,1.0,1.0
C0078,19.0,1.0,0.0,0.0,3024.988947368421,1.0,0.0
C0079,25.0,1.0,5.0,0.5734597156398105,3972.0,0.0,1.0
C0080,23.0,0.0,1.0,1.0,1103.0,0.0,0.0
C0081,58.0,0.0,5.0,1.0,2340.0,1.0,1.0
C0082,41.0,0.0,1.0,0.0,1514.0,1.0,1.0
C0083,49.68667719852554,0.0,3.0,1.0,3123.0,1.0,1.0
C0085,60.0,0.5968421052631578,4.0,0.0,2089.0,0.0,0.0
C0086,54.0,0.5968421052631578,1.0,1.0,2477.0,0.6192733017377567,1.0
C0087,19.0,0.0,4.0,0.0,2209.0,1.0,1.0
C0088,25.0,1.0,2.909952606635071,0.0,1992.0,0.0,0.0
C0089,27.0,0.0,2.0,1.0,2566.0,1.0,0.0
C0090,32.0,1.0,2.0,1.0,9920.0,0.0,0.0
C0091,51.0,1.0,5.0,0.0,3532.0,0.0,1.0
C0092,57.0,0.0,1.0,0.0,2905.0,1.0,1.0
C0093,18.0,0.0,1.0,1.0,2312.0,1.0,0.0
C0094,39.0,0.0,2.0,0.0,1165.0,0.6192733017377567,0.0
C0095,57.0,1.0,0.0,0.0,2785.0,1.0,0.0
C0096,26.0,1.0,0.0,1.0,2017.0,1.0,0.0
C0098,61.0,1.0,3.0,0.0,2237.0,0.0,0.0
C0100,49.68667719852554,0.0,5.0,1.0,2114.0,1.0,1.0
C0101,43.0,0.0,4.0,0.0,1548.0,1.0,0.0
C0103,49.68667719852554,1.0,1.0,1.0,2491.0,1.0,1.0
C0104,49.68667719852554,1.0,1.0,1.0,2170.0,0.0,0.0
C0105,19.0,1.0,4.0,1.0,3639.0,0.0,0.5487098472880464
C0106,20.0,0.0,4.0,0.0,2563.0,0.0,0.0
C0107,50.0,1.0,3.0,0.0,1640.0,1.0,1.0
C0108,36.0,1.0,1.0,1.0,3273.0,0.0,1.0
C0109,53.0,0.0,3.0,0.0,703.0,0.0,0.0
C0110,18.0,0.0,5.0,0.0,2895.0,0.0,0.0
C0111,26.0,1.0,3.0,0.0,2329.0,1.0,0.0
C0112,47.0,1.0,2.909952606635071,1.0,2929.0,1.0,1.0
C0113,41.0,0.0,3.0,1.0,2788.0,0.0,0.0
C0114,41.0,1.0,2.909952606635071,0.0,1953.0,1.0,0.0
C0115,49.68667719852554,1.0,4.0,0.0,1262.0,1.0,0.0
C0116,32.0,1.0,4.0,0.0,2408.0,1.0,1.0
C0117,50.0,1.0,4.0,0.5734597156398105,1845.0,1.0,1.0
C0118,61.0,0.0,0.0,1.0,2497.0,1.0,0.0
C0119,51.0,1.0,2.0,1.0,3138.0,1.0,1.0
C0120,40.0,0.0,3.0,0.0,3024.988947368421,0.0,0.0
C0121,34.0,1.0,2.0,1.0,3024.988947368421,0.0,0.0
C0122,52.0,0.0,3.0,1.0,2178.0,1.0,0.0
C0123,37.0,0.0,2.0,1.0,2177.0,0.0,0.0
C0124,25.0,0.0,3.0,1.0,1681.0,1.0,0.0
C0125,38.0,0.0,5.0,1.0,921.0,1.0,0.0
C0126,33.0,1.0,3.0,1.0,3609.0,1.0,1.0
C0127,37.0,1.0,2.0,1.0,2051.0,0.0,1.0
C0128,22.0,1.0,4.0,0.0,874.0,1.0,0.0
C0001,46.0,1.0,4.0,1.0,3587.0,0.0,1.0
C0130,55.0,1.0,1.0,0.0,2174.0,1.0,1.0
C0131,49.0,1.0,0.0,1.0,2529.0,1.0,1.0
C0132,53.0,0.0,3.0,1.0,2632.0,1.0,1.0
C0133,57.0,0.0,4.0,0.0,1533.0,1.0,0.0
C0134,31.0,0.0,3.0,1.0,3445.0,0.0,1.0
C0135,31.0,0.0,0.0,1.0,1596.0,0.0,0.0
C0136,20.0,1.0,2.0,1.0,3973.0,0.0,1.0
C0137,49.0,0.0,5.0,1.0,2098.0,1.0,0.0
C0139,22.0,0.0,4.0,0.0,2026.0,0.0,0.0
C0140,20.0,1.0,2.0,1.0,3181.0,1.0,1.0
C0141,55.0,0.0,0.0,1.0,1479.0,1.0,0.0
C0142,29.0,0.0,2.909952606635071,0.0,667.0,1.0,0.0
C0143,25.0,1.0,2.909952606635071,0.5734597156398105,1654.0,0.0,0.0
C0144,56.0,0.0,4.0,1.0,2977.0,1.0,0.0
C0145,32.0,0.0,0.0,0.0,3714.0,1.0,1.0
C0146,57.0,1.0,2.909952606635071,1.0,2034.0,1.0,0.0
C0147,41.0,0.0,2.909952606635071,1.0,2444.0,0.0,1.0
C0148,27.0,1.0,2.0,1.0,1263.0,1.0,0.0
C0149,64.0,0.5968421052631578,3.0,1.0,1536.0,1.0,0.0
C0150,33.0,0.5968421052631578,0.0,1.0,2966.0,1.0,1.0
C0151,27.0,0.0,2.0,1.0,3293.0,0.0,1.0
C0152,20.0,0.0,2.909952606635071,1.0,2992.0,1.0,0.0
C0153,21.0,1.0,5.0,1.0,2544.0,0.0,1.0
C0154,62.0,1.0,0.0,1.0,2699.0,1.0,0.0
C0155,29.0,0.0,2.0,0.0,2593.0,1.0,0.0
C0001,56.0,0.0,2.0,0.0,2801.0,1.0,1.0
C0157,35.0,1.0,0.0,1.0,3041.0,1.0,0.0
C0158,64.0,1.0,3.0,0.0,1969.0,1.0,0.0
C0159,37.0,0.0,2.0,1.0,2228.0,1.0,0.0
C0160,24.0,0.0,5.0,1.0,2814.0,1.0,0.0
C0161,42.0,0.0,1.0,1.0,1746.0,0.0,0.0
C0162,58.0,1.0,1.0,1.0,1103.0,1.0,0.0
C0163,37.0,1.0,1.0,0.0,2031.0,1.0,0.0
C0164,63.0,0.0,2.0,1.0,2127.0,1.0,0.0
C0165,51.0,0.0,0.0,1.0,2781.0,1.0,1.0
C0166,56.0,0.0,3.0,0.0,3745.0,0.0,1.0
C0167,38.0,0.5968421052631578,0.0,0.0,1180.0,0.0,0.0
C0168,49.68667719852554,0.0,5.0,0.0,3572.0,0.0,0.0
C0170,50.0,1.0,1.0,1.0,2570.0,1.0,0.0
C0171,48.0,1.0,1.0,1.0,3024.988947368421,0.0,1.0
C0172,30.0,1.0,4.0,1.0,3361.0,0.0,1.0
C0173,55.0,0.0,2.909952606635071,1.0,3919.0,1.0,1.0
C0174,60.0,1.0,3.0,1.0,3419.0,0.0,1.0
C0001,27.0,0.0,2.0,1.0,3078.0,0.6192733017377567,0.0
C0176,58.0,1.0,5.0,0.0,2983.0,1.0,1.0
C0177,54.0,0.0,2.0,0.0,2412.0,0.0,1.0
C0178,64.0,0.0,0.0,0.0,2785.0,0.0,1.0
C0179,26.0,0.0,5.0,1.0,980.0,1.0,1.0
C0180,49.68667719852554,1.0,1.0,1.0,1780.0,1.0,0.0
C0181,40.0,0.0,5.0,1.0,4115.0,0.0,1.0
C0182,36.0,1.0,1.0,1.0,1999.0,1.0,0.0
C0183,27.0,0.0,4.0,0.0,1075.0,1.0,0.5487098472880464
C0184,20.0,1.0,3.0,0.0,2943.0,0.0,0.0
C0185,57.0,1.0,5.0,0.0,3399.0,0.0,1.0
C0186,40.0,1.0,5.0,0.0,753.0,1.0,0.0
C0187,32.0,1.0,4.0,0.0,3011.0,1.0,1.0
C0188,55.0,1.0,3.0,0.0,1376.0,0.0,0.0
C0189,26.0,1.0,3.0,1.0,3024.988947368421,1.0,1.0
C0190,60.0,1.0,4.0,0.0,1522.0,0.0,0.0
C0191,18.0,0.0,2.909952606635071,1.0,2198.0,1.0,1.0
C0192,23.0,1.0,5.0,1.0,2250.0,0.0,0.0
C0193,37.0,1.0,1.0,1.0,2352.0,1.0,1.0
C0194,39.0,0.5968421052631578,0.0,0.0,3216.0,1.0,0.0
C0195,22.0,1.0,5.0,1.0,1611.0,0.0,0.0
C0196,21.0,1.0,5.0,1.0,3018.0,1.0,0.0
C0197,58.0,0.0,4.0,1.0,2221.0,0.0,1.0
C0198,50.0,1.0,0.0,0.0,1540.0,0.0,0.0
C0199,39.0,0.0,0.0,0.0,3024.988947368421,1.0,1.0
C0200,49.68667719852554,1.0,2.0,0.0,4097.0,0.0,1.0
C0201,32.0,1.0,4.0,0.0,3335.0,1.0,0.5487098472880464
C0202,58.0,0.0,2.0,1.0,1846.0,1.0,1.0
C0203,32.0,0.0,5.0,0.0,2578.0,1.0,0.0
C0205,61.0,1.0,1.0,1.0,3024.988947368421,0.0,1.0
C0206,19.0,1.0,0.0,1.0,2271.0,0.0,0.5487098472880464
C0207,53.0,1.0,2.0,1.0,2409.0,1.0,0.0
C0001,18.0,0.0,5.0,0.0,2410.0,1.0,1.0
C0209,61.0,0.0,5.0,0.5734597156398105,1414.0,1.0,1.0
C0210,35.0,0.0,2.909952606635071,0.0,3382.0,1.0,1.0
C0211,21.0,1.0,2.0,0.0,3853.0,0.0,1.0
C0212,63.0,1.0,0.0,0.0,2512.0,1.0,1.0
C0213,37.0,0.0,4.0,0.0,1858.0,0.0,0.0
C0214,31.0,1.0,5.0,0.0,2739.0,1.0,0.0
C0216,61.0,1.0,4.0,0.0,2512.0,0.6192733017377567,0.0
C0217,46.0,0.5968421052631578,4.0,1.0,2074.0,1.0,0.0
C0218,42.0,1.0,0.0,1.0,3024.988947368421,0.0,0.0
C0219,51.0,1.0,1.0,0.0,2177.0,1.0,0.0
C0220,52.0,1.0,4.0,0.0,3156.0,0.0,0.0
C0221,48.0,1.0,4.0,1.0,3559.0,0.0,1.0
C0222,22.0,0.0,4.0,1.0,1078.0,1.0,0.0
C0223,33.0,0.0,3.0,0.0,1888.0,1.0,0.0
C0225,55.0,0.0,0.0,1.0,3585.0,1.0,1.0
C0226,49.68667719852554,0.0,4.0,1.0,2958.0,0.6192733017377567,1.0
C0227,51.0,1.0,2.0,1.0,4135.0,0.0,0.5487098472880464
C0228,39.0,0.0,1.0,1.0,3785.0,0.6192733017377567,1.0
C0001,58.0,0.0,5.0,0.0,2882.0,0.0,1.0
C0230,60.0,0.0,4.0,1.0,1563.0,1.0,0.0
C0231,49.68667719852554,1.0,0.0,0.0,3917.0,0.0,1.0
C0232,40.0,1.0,4.0,0.0,2774.0,1.0,0.0
C0233,28.0,0.5968421052631578,0.0,0.0,1225.0,0.0,1.0
C0234,23.0,1.0,4.0,0.0,3845.0,1.0,1.0
C0235,25.0,1.0,2.909952606635071,1.0,3719.0,0.0,0.0
C0236,40.0,0.0,0.0,0.0,2785.0,0.0,1.0
C0237,31.0,1.0,2.0,1.0,1698.0,0.0,0.0
C0238,59.0,0.5968421052631578,2.0,1.0,2485.0,0.0,0.0
C0239,64.0,0.0,4.0,1.0,1164.0,1.0,0.0
C0240,41.0,1.0,2.909952606635071,1.0,2132.0,0.0,0.0
C0241,59.0,0.0,2.0,1.0,1518.0,1.0,1.0
C0001,44.0,0.0,2.0,0.0,2038.0,0.6192733017377567,0.0
C0245,49.68667719852554,0.0,4.0,1.0,1050.0,0.0,0.0
C0246,42.0,1.0,4.0,0.0,2941.0,0.0,0.0
C0247,57.0,0.0,0.0,1.0,2122.0,1.0,1.0
C0248,58.0,1.0,2.909952606635071,1.0,3377.0,1.0,1.0
C0249,49.68667719852554,1.0,3.0,0.0,1002.0,0.0,0.0
C0250,41.0,0.0,2.0,1.0,1144.0,0.0,0.0
C0001,30.0,0.0,1.0,0.0,1300.0,1.0,0.0
C0252,49.68667719852554,0.0,5.0,0.0,3670.0,0.0,1.0
C0253,30.0,0.0,2.0,0.0,2487.0,0.0,1.0
C0254,56.0,0.0,4.0,1.0,3354.0,1.0,1.0
C0255,38.0,0.0,3.0,1.0,3362.0,1.0,1.0
C0256,20.0,1.0,0.0,1.0,1792.0,0.0,0.0
C0257,49.68667719852554,0.0,2.909952606635071,1.0,4003.0,1.0,1.0
C0258,32.0,0.5968421052631578,3.0,1.0,1487.0,0.6192733017377567,1.0
C0259,26.0,0.0,5.0,0.0,3834.0,0.0,1.0
C0260,43.0,1.0,4.0,1.0,2197.0,1.0,0.0
C0261,60.0,0.0,3.0,1.0,3016.0,0.6192733017377567,0.0
C0001,46.0,0.0,4.0,1.0,2457.0,0.0,0.0
C0263,25.0,1.0,1.0,1.0,3700.0,1.0,1.0
C0264,23.0,0.0,3.0,1.0,2270.0,1.0,1.0
C0265,57.0,0.0,2.0,1.0,4303.0,1.0,1.0
C0266,19.0,1.0,2.0,0.0,3024.988947368421,1.0,0.0
C0267,54.0,0.0,2.909952606635071,1.0,3596.0,1.0,1.0
C0268,51.0,0.0,3.0,0.0,3204.0,1.0,1.0
C0269,49.0,1.0,1.0,0.5734597156398105,3301.0,1.0,1.0
C0270,29.0,1.0,2.0,1.0,744.0,0.0,1.0
C0271,60.0,0.0,2.0,0.0,1722.0,0.0,1.0
C0272,55.0,0.0,0.0,1.0,3342.0,1.0,1.0
C0273,54.0,0.0,0.0,0.0,2559.0,0.0,1.0
C0274,60.0,0.0,5.0,0.0,3291.0,0.0,0.0
C0275,37.0,0.0,3.0,0.5734597156398105,4312.0,1.0,1.0
C0276,39.0,1.0,0.0,0.0,1109.0,1.0,0.0
C0277,35.0,1.0,5.0,0.0,2503.0,0.0,0.0
C0278,39.0,0.0,1.0,1.0,1275.0,0.0,0.0
C0280,19.0,0.0,2.0,1.0,1770.0,1.0,0.0
C0281,33.0,0.0,5.0,0.0,2338.0,1.0,0.0
C0282,38.0,1.0,1.0,0.0,2013.0,1.0,1.0
C0283,45.0,0.0,4.0,1.0,2859.0,0.0,1.0
C0284,28.0,1.0,0.0,0.0,3601.0,1.0,1.0
C0285,30.0,1.0,2.0,1.0,2271.0,1.0,0.0
C0286,49.68667719852554,0.0,5.0,0.0,2779.0,0.0,0.0
C0287,53.0,0.5968421052631578,0.0,0.0,2207.0,0.0,0.5487098472880464
C0288,24.0,0.0,5.0,0.0,2715.0,0.0,0.0
C0289,49.68667719852554,0.0,4.0,0.0,2686.0,0.0,1.0
C0290,61.0,1.0,2.0,0.0,3365.0,0.0,1.0
C0291,25.0,0.0,0.0,1.0,2209.0,0.0,1.0
C0293,24.0,1.0,2.0,1.0,2684.0,0.0,0.0
C0295,26.0,0.0,1.0,0.0,2190.0,1.0,0.0
C0001,25.0,0.0,2.0,1.0,2204.0,0.6192733017377567,0.0
C0297,54.0,0.0,4.0,1.0,1827.0,0.0,0.0
C0298,40.0,0.5968421052631578,4.0,1.0,3917.0,0.6192733017377567,1.0
C0001,19.0,0.0,5.0,1.0,2050.0,0.0,0.0
C0300,62.0,0.0,1.0,1.0,4080.0,1.0,1.0
C0301,32.0,1.0,4.0,1.0,3414.0,0.0,1.0
C0303,38.0,0.0,5.0,1.0,2173.0,1.0,0.0
C0304,24.0,0.0,1.0,0.0,2920.0,0.0,0.0
C0305,58.0,1.0,0.0,0.0,1390.0,0.0,0.0
C0306,49.68667719852554,1.0,1.0,0.0,3354.0,1.0,0.0
C0307,36.0,0.0,1.0,1.0,1941.0,1.0,0.0
C0308,26.0,0.0,0.0,1.0,2901.0,1.0,0.0
C0309,27.0,0.0,5.0,1.0,3221.0,1.0,1.0
C0310,32.0,0.0,3.0,1.0,905.0,0.0,0.0
C0311,26.0,0.0,4.0,1.0,1024.0,1.0,0.0
C0312,55.0,0.0,2.0,0.0,3024.988947368421,0.0,0.0
C0313,33.0,1.0,5.0,1.0,1908.0,1.0,0.0
C0314,37.0,0.0,1.0,0.0,2270.0,0.0,0.0
C0316,25.0,0.0,5.0,1.0,1579.0,1.0,0.0
C0317,53.0,1.0,1.0,1.0,3739.0,1.0,0.5487098472880464
C0001,64.0,0.0,0.0,0.0,1589.0,1.0,0.0
C0319,43.0,1.0,3.0,1.0,3850.0,0.0,0.0
C0320,56.0,0.0,2.0,1.0,1843.0,1.0,0.0
C0321,52.0,0.0,4.0,0.0,3024.988947368421,1.0,1.0
C0001,20.0,0.0,1.0,1.0,3024.988947368421,0.0,1.0
C0324,57.0,1.0,0.0,1.0,1223.0,0.0,0.0
C0001,31.0,1.0,2.909952606635071,1.0,3658.0,1.0,1.0
C0326,44.0,1.0,1.0,0.0,1511.0,1.0,0.0
C0327,54.0,1.0,1.0,0.0,2506.0,1.0,0.0
C0328,22.0,1.0,0.0,1.0,1849.0,0.0,0.0
C0329,55.0,0.0,4.0,0.5734597156398105,3024.988947368421,1.0,0.0
C0330,53.0,0.0,3.0,0.0,3639.0,0.0,1.0
C0331,39.0,0.0,2.0,1.0,2862.0,1.0,0.0
C0332,42.0,1.0,3.0,1.0,4418.0,0.0,0.0
C0333,22.0,0.0,4.0,0.0,3153.0,1.0,0.0
C0334,56.0,0.0,0.0,0.0,3176.0,0.0,0.0
C0335,29.0,0.0,3.0,0.0,2734.0,1.0,1.0
C0336,19.0,1.0,3.0,0.0,3351.0,1.0,1.0
C0338,18.0,1.0,3.0,1.0,3206.0,1.0,1.0
C0339,55.0,1.0,5.0,0.0,1684.0,1.0,1.0
C0340,56.0,0.0,5.0,0.0,2048.0,0.0,0.0
C0341,39.0,0.0,0.0,1.0,979.0,1.0,0.0
C0342,29.0,1.0,2.0,1.0,2606.0,1.0,1.0
C0343,35.0,1.0,2.0,0.0,3508.0,1.0,1.0
C0344,27.0,1.0,4.0,0.0,3226.0,0.0,1.0
C0345,26.0,1.0,0.0,0.5734597156398105,1834.0,1.0,0.0
C0346,45.0,1.0,4.0,0.0,4364.0,1.0,0.0
C0347,20.0,1.0,0.0,1.0,4418.0,1.0,1.0
C0348,49.68667719852554,0.0,1.0,1.0,1757.0,0.0,0.0
C0349,54.0,0.0,5.0,1.0,2778.0,0.0,1.0
C0350,21.0,1.0,2.0,1.0,1943.0,0.0,0.0
C0351,30.0,0.0,5.0,1.0,2104.0,1.0,1.0
C0352,62.0,0.0,4.0,0.0,2756.0,0.0,1.0
C0353,52.0,1.0,5.0,0.0,1995.0,0.0,0.0
C0354,27.0,1.0,2.909952606635071,0.0,3863.0,1.0,1.0
C0355,27.0,1.0,0.0,1.0,4310.0,0.0,1.0
C0357,34.0,0.5968421052631578,2.909952606635071,0.5734597156398105,2187.0,0.0,1.0
C0358,45.0,1.0,5.0,1.0,2462.0,1.0,0.5487098472880464
C0359,24.0,0.0,2.0,1.0,1675.0,1.0,0.0
C0360,58.0,0.0,5.0,1.0,1938.0,1.0,0.0
C0361,64.0,1.0,1.0,0.0,1816.0,1.0,1.0
C0362,23.0,1.0,0.0,0.0,1645.0,1.0,0.0
C0363,22.0,0.0,5.0,0.0,2965.0,0.0,1.0
C0364,39.0,0.0,1.0,1.0,2694.0,1.0,1.0
C0365,45.0,1.0,2.0,1.0,685.0,0.0,0.0
C0366,49.0,0.0,5.0,0.0,2708.0,0.0,0.5487098472880464
C0367,60.0,0.0,4.0,1.0,2533.0,1.0,1.0
C0368,47.0,1.0,5.0,0.5734597156398105,3024.988947368421,1.0,0.5487098472880464
C0369,49.68667719852554,0.0,0.0,0.0,2376.0,0.0,1.0
C0371,51.0,0.0,3.0,1.0,2815.0,1.0,1.0
C0372,28.0,1.0,10.0,1.0,1117.0,0.0,1.0
C0373,40.0,0.0,2.0,1.0,2966.0,1.0,0.5487098472880464
C0374,31.0,1.0,2.0,0.0,3193.0,0.0,0.0
C0375,60.0,0.0,2.0,1.0,2201.0,0.6192733017377567,1.0
C0376,18.0,0.0,5.0,1.0,3582.0,0.0,1.0
C0377,42.0,1.0,3.0,1.0,3632.0,1.0,1.0
C0379,19.0,0.0,4.0,1.0,1899.0,0.0,0.0
C0381,52.0,0.0,3.0,0.0,1437.0,0.0,0.0
C0382,63.0,1.0,1.0,0.0,2518.0,1.0,1.0
C0383,33.0,0.0,2.0,1.0,1884.0,1.0,1.0
C0384,30.0,1.0,5.0,0.5734597156398105,1124.0,0.0,1.0
C0385,23.0,1.0,1.0,1.0,2756.0,0.0,0.0
C0386,49.68667719852554,1.0,5.0,1.0,2727.0,1.0,0.0
C0387,61.0,0.5968421052631578,0.0,1.0,3804.0,0.0,1.0
C0388,34.0,1.0,5.0,0.0,3640.0,1.0,1.0
C0389,57.0,1.0,1.0,1.0,2134.0,0.0,0.0
C0390,22.0,0.0,4.0,0.0,4231.0,0.0,1.0
C0001,18.0,1.0,2.0,1.0,3124.0,0.0,1.0
C0392,51.0,1.0,3.0,1.0,4260.0,0.0,1.0
C0393,49.68667719852554,0.0,0.0,0.0,1835.0,0.0,1.0
C0394,38.0,1.0,4.0,0.0,835.0,1.0,0.0
C0395,64.0,1.0,4.0,1.0,3157.0,1.0,1.0
C0396,49.68667719852554,1.0,3.0,0.0,1855.0,0.0,0.0
C0397,50.0,1.0,4.0,1.0,795.0,1.0,0.0
C0398,63.0,0.0,2.0,1.0,2779.0,0.6192733017377567,0.0
C0399,48.0,0.0,2.0,1.0,1869.0,1.0,0.0
C0400,28.0,0.0,3.0,1.0,2871.0,1.0,1.0
C0401,39.0,1.0,0.0,0.0,2203.0,1.0,1.0
C0402,24.0,0.5968421052631578,1.0,0.0,3639.0,1.0,1.0
C0403,28.0,0.0,4.0,1.0,3599.0,0.0,1.0
C0404,55.0,0.0,0.0,1.0,2866.0,0.0,1.0
C0405,59.0,0.0,0.0,0.0,1729.0,1.0,0.5487098472880464
C0001,25.0,0.0,1.0,0.0,3569.0,1.0,0.5487098472880464
C0407,18.0,0.0,3.0,1.0,2564.0,0.0,0.0
C0408,39.0,0.0,4.0,0.0,1772.0,0.0,0.0
C0409,42.0,0.0,3.0,0.0,2214.0,1.0,0.0
C0410,35.0,1.0,3.0,1.0,3975.0,1.0,0.5487098472880464
C0411,46.0,1.0,0.0,0.0,3184.0,0.0,1.0
C0412,63.0,1.0,2.909952606635071,0.0,1883.0,1.0,0.0
C0413,49.68667719852554,0.0,5.0,1.0,3024.988947368421,1.0,1.0
C0414,39.0,1.0,2.909952606635071,1.0,1401.0,0.0,0.0
C0415,54.0,0.0,1.0,0.0,2638.0,0.0,0.0
C0416,23.0,1.0,0.0,1.0,3405.0,1.0,1.0
C0417,220.0,0.0,0.0,1.0,3844.0,1.0,1.0
C0418,45.0,1.0,0.0,1.0,4221.0,0.6192733017377567,1.0
C0420,46.0,0.0,2.0,0.0,1174.0,0.0,0.0
C0421,39.0,1.0,5.0,0.0,2466.0,1.0,0.0
C0422,18.0,0.0,1.0,1.0,3063.0,1.0,1.0
C0423,39.0,1.0,0.0,0.0,1317.0,0.0,0.0
C0424,30.0,0.0,0.0,0.0,2336.0,1.0,0.0
C0425,47.0,0.0,4.0,1.0,1421.0,0.0,0.0
C0426,20.0,0.0,5.0,1.0,2981.0,0.0,1.0
C0427,55.0,0.0,1.0,0.0,519.0,0.0,0.0
C0428,29.0,1.0,0.0,0.0,3190.0,0.0,0.0
C0429,54.0,1.0,3.0,0.0,3482.0,0.0,1.0
C0430,30.0,0.0,0.0,0.0,1348.0,1.0,0.0
C0431,39.0,1.0,3.0,1.0,2599.0,0.6192733017377567,0.0
C0432,48.0,1.0,0.0,0.0,4058.0,1.0,1.0
C0433,54.0,0.0,4.0,0.0,3523.0,0.0,0.0
C0435,36.0,0.0,3.0,1.0,3024.988947368421,1.0,1.0
C0436,55.0,0.0,3.0,0.5734597156398105,3628.0,0.0,1.0
C0437,40.0,1.0,2.909952606635071,1.0,2400.0,0.0,0.0
C0001,42.0,0.0,5.0,1.0,1474.0,1.0,0.0
C0439,26.0,0.0,2.0,0.5734597156398105,3254.0,1.0,0.0
C0440,60.0,0.0,3.0,0.0,2355.0,1.0,1.0
C0441,36.0,0.0,5.0,0.0,1655.0,0.6192733017377567,0.0
C0442,49.0,0.0,2.0,1.0,2601.0,1.0,1.0
C0443,22.0,1.0,2.0,0.0,2738.0,0.0,1.0
C0444,37.0,1.0,0.0,1.0,2652.0,1.0,0.0
C0445,25.0,0.0,2.909952606635071,1.0,2172.0,1.0,0.0
C0446,55.0,1.0,0.0,0.0,1057.0,0.0,0.0
C0447,23.0,1.0,1.0,0.0,2056.0,0.0,1.0
C0448,61.0,0.0,5.0,1.0,3293.0,1.0,1.0
C0449,36.0,1.0,3.0,1.0,2679.0,1.0,1.0
C0450,46.0,1.0,4.0,0.0,1603.0,1.0,0.0
C0451,59.0,0.0,4.0,0.0,4298.0,0.0,1.0
C0452,63.0,0.0,0.0,1.0,1913.0,1.0,1.0
C0453,28.0,1.0,5.0,0.0,1979.0,1.0,0.0
C0454,39.0,1.0,1.0,0.0,2942.0,1.0,1.0
C0455,23.0,0.0,3.0,0.0,2701.0,0.0,1.0
C0456,46.0,1.0,2.0,0.0,3503.0,0.6192733017377567,1.0
C0457,33.0,1.0,1.0,0.0,1716.0,1.0,0.0
C0458,59.0,0.0,5.0,0.0,1677.0,0.0,0.0
C0459,55.0,1.0,3.0,1.0,930.0,1.0,0.0
C0460,51.0,0.0,3.0,0.0,2669.0,1.0,1.0
C0001,35.0,0.0,2.0,1.0,2334.0,0.0,1.0
C0001,36.0,0.0,2.0,0.0,1632.0,1.0,0.0
C0463,39.0,1.0,2.0,0.0,3564.0,0.6192733017377567,0.0
C0464,51.0,0.0,2.0,0.0,3346.0,1.0,1.0
C0466,23.0,0.0,5.0,0.0,3975.0,0.0,1.0
C0467,60.0,0.5968421052631578,3.0,1.0,2990.0,0.0,0.0
C0468,53.0,0.5968421052631578,0.0,0.0,2006.0,0.0,0.0
C0469,54.0,1.0,0.0,0.0,1889.0,0.0,0.0
C0470,55.0,1.0,0.0,0.0,3203.0,0.0,0.0
C0471,50.0,1.0,1.0,0.0,2422.0,0.0,0.0
C0472,45.0,1.0,2.0,1.0,4267.0,1.0,1.0
C0473,51.0,1.0,5.0,0.0,4220.0,0.0,1.0
C0474,61.0,0.0,2.0,0.0,2754.0,0.0,1.0
C0475,50.0,1.0,0.0,1.0,3732.0,0.0,1.0
C0477,51.0,0.0,2.0,0.0,2661.0,0.0,0.0
C0478,37.0,1.0,0.0,0.5734597156398105,2029.0,0.0,1.0
C0480,27.0,0.0,3.0,0.0,3492.0,0.0,1.0
C0481,44.0,1.0,2.0,1.0,2706.0,1.0,0.0
C0482,48.0,0.0,5.0,0.0,2612.0,1.0,1.0
C0484,54.0,0.0,0.0,0.5734597156398105,3531.0,1.0,1.0
C0486,34.0,0.0,5.0,1.0,3981.0,1.0,1.0
C0487,51.0,0.0,0.0,1.0,3024.988947368421,0.0,1.0
C0488,58.0,0.0,5.0,0.0,2415.0,1.0,0.0
C0489,63.0,1.0,4.0,0.0,2730.0,1.0,1.0
C0490,21.0,1.0,3.0,1.0,1103.0,1.0,0.0
C0491,53.0,0.0,4.0,1.0,1837.0,1.0,0.0
C0493,18.0,1.0,4.0,0.0,3906.0,0.0,1.0
C0494,48.0,1.0,3.0,1.0,3878.0,0.0,1.0
C0495,44.0,0.0,4.0,0.5734597156398105,1520.0,0.0,0.0
C0496,52.0,0.0,2.909952606635071,0.5734597156398105,1198.0,1.0,1.0
C0497,31.0,1.0,5.0,0.0,2897.0,0.0,1.0
C0498,60.0,0.0,4.0,0.0,2982.0,1.0,1.0
C0499,43.0,1.0,1.0,0.0,3265.0,0.0,1.0
C0500,62.0,1.0,2.0,0.0,3024.988947368421,0.0,0.0
C0502,37.0,0.0,2.909952606635071,0.0,2831.0,0.0,0.0
C0503,60.0,1.0,1.0,1.0,3796.0,1.0,1.0
C0504,47.0,1.0,5.0,0.5734597156398105,2390.0,1.0,1.0
C0505,44.0,0.0,1.0,0.0,3640.0,0.0,1.0
C0506,54.0,1.0,0.0,0.0,1768.0,1.0,0.0
C0001,18.0,1.0,2.0,1.0,3394.0,0.0,1.0
C0508,40.0,0.0,1.0,0.5734597156398105,1198.0,0.0,1.0
C0509,52.0,0.0,1.0,0.0,2501.0,1.0,0.0
C0510,49.68667719852554,1.0,5.0,0.0,2259.0,0.0,0.0
C0511,23.0,0.0,4.0,0.0,1992.0,0.0,0.0
C0512,62.0,0.0,5.0,0.0,2476.0,1.0,1.0
C0513,37.0,1.0,2.0,1.0,2619.0,1.0,0.0
C0514,55.0,0.0,4.0,0.0,1803.0,1.0,0.0
C0516,31.0,1.0,2.909952606635071,0.0,3352.0,1.0,1.0
C0517,32.0,1.0,0.0,0.0,1111.0,1.0,1.0
C0519,45.0,0.0,4.0,1.0,2060.0,1.0,0.0
C0520,48.0,0.0,2.909952606635071,0.0,1689.0,0.0,1.0
C0521,31.0,0.0,1.0,1.0,1516.0,0.0,0.0
C0522,51.0,0.0,0.0,0.0,1714.0,0.0,0.0
C0523,42.0,1.0,3.0,0.0,2295.0,1.0,0.0
C0524,19.0,0.5968421052631578,3.0,0.0,3094.0,1.0,0.0
C0525,26.0,0.0,2.0,1.0,1962.0,1.0,1.0
C0526,63.0,1.0,1.0,1.0,3834.0,0.0,1.0
C0528,61.0,1.0,5.0,0.0,4070.0,0.0,1.0
C0529,24.0,1.0,0.0,0.5734597156398105,3717.0,0.0,0.5487098472880464
C0530,49.68667719852554,1.0,3.0,1.0,2995.0,1.0,1.0
C0531,21.0,0.0,2.0,0.5734597156398105,2807.0,0.0,0.0
C0532,18.0,0.0,0.0,0.0,3575.0,1.0,1.0
C0533,18.0,1.0,3.0,1.0,3490.0,1.0,0.0
C0534,32.0,1.0,2.0,1.0,1329.0,0.0,0.0
C0535,32.0,1.0,0.0,0.0,1957.0,1.0,0.0
C0538,43.0,0.0,3.0,1.0,4061.0,1.0,1.0
C0539,35.0,1.0,4.0,0.0,3078.0,1.0,1.0
C0540,43.0,1.0,3.0,0.0,980.0,0.0,0.0
C0541,50.0,1.0,5.0,1.0,2145.0,0.0,0.0
C0001,47.0,1.0,2.0,0.0,2390.0,0.0,1.0
C0544,49.68667719852554,1.0,2.0,0.0,2614.0,1.0,0.0
C0545,49.68667719852554,0.0,2.0,1.0,4192.0,1.0,1.0
C0546,56.0,0.0,2.0,1.0,1782.0,1.0,0.0
C0547,41.0,0.0,3.0,0.0,3034.0,1.0,0.0
C0548,49.68667719852554,0.0,1.0,1.0,2146.0,1.0,0.0
C0549,46.0,0.0,2.909952606635071,1.0,3024.988947368421,1.0,0.0
C0550,55.0,1.0,5.0,1.0,2062.0,1.0,0.0
C0551,64.0,1.0,2.909952606635071,0.0,2405.0,0.0,1.0
C0553,49.68667719852554,1.0,2.909952606635071,1.0,871.0,1.0,0.0
C0001,36.0,1.0,0.0,1.0,2489.0,1.0,0.0
C0555,37.0,1.0,5.0,0.0,2119.0,1.0,1.0
C0556,27.0,0.0,4.0,1.0,3360.0,0.0,1.0
C0557,52.0,0.0,0.0,0.0,1840.0,0.6192733017377567,0.0
C0558,63.0,1.0,0.0,1.0,2250.0,0.0,0.0
C0559,56.0,0.0,0.0,0.0,1738.0,0.6192733017377567,0.0
C0560,35.0,1.0,0.0,0.0,1877.0,1.0,0.0
C0563,49.68667719852554,1.0,4.0,1.0,3483.0,0.0,1.0
C0564,32.0,0.0,2.0,1.0,3014.0,1.0,1.0
C0565,61.0,1.0,1.0,0.0,2246.0,1.0,0.0
C0566,34.0,1.0,2.0,0.0,1114.0,1.0,0.0
C0567,30.0,1.0,4.0,0.0,3171.0,1.0,1.0
C0568,18.0,0.0,5.0,1.0,1166.0,1.0,0.0
C0569,57.0,1.0,3.0,1.0,2162.0,1.0,0.0
C0570,24.0,0.0,2.0,1.0,4183.0,1.0,1.0
C0571,59.0,1.0,2.909952606635071,1.0,3490.0,1.0,1.0
C0573,42.0,1.0,3.0,1.0,1947.0,0.0,1.0
C0574,29.0,1.0,2.0,0.0,1657.0,1.0,0.0
C0575,53.0,1.0,0.0,0.0,1873.0,0.0,1.0
C0576,59.0,0.5968421052631578,1.0,1.0,2300.0,0.0,0.0
C0577,28.0,0.0,1.0,0.0,3024.988947368421,1.0,0.0
C0578,60.0,0.0,0.0,1.0,2411.0,1.0,1.0
C0579,36.0,0.0,4.0,0.0,2596.0,0.0,1.0
C0580,56.0,1.0,4.0,0.5734597156398105,2624.0,0.0,0.0
C0581,33.0,0.5968421052631578,0.0,0.0,3195.0,0.0,1.0
C0582,22.0,0.0,3.0,1.0,3322.0,0.0,1.0
C0583,37.0,1.0,2.0,0.0,4225.0,1.0,1.0
C0584,49.68667719852554,0.0,5.0,1.0,1661.0,0.0,0.0
C0585,20.0,1.0,4.0,1.0,3002.0,0.0,0.5487098472880464
C0586,25.0,0.0,5.0,0.0,3024.988947368421,0.6192733017377567,0.0
C0587,42.0,0.5968421052631578,1.0,1.0,3024.988947368421,0.0,0.0
C0588,34.0,0.5968421052631578,5.0,0.0,1790.0,1.0,0.0
C0001,52.0,1.0,3.0,1.0,1319.0,1.0,0.0
C0590,33.0,0.0,2.909952606635071,0.0,3779.0,1.0,1.0
C0591,34.0,1.0,4.0,0.5734597156398105,4265.0,0.0,1.0
C0592,48.0,0.0,5.0,0.0,2660.0,0.6192733017377567,1.0
C0593,22.0,0.0,1.0,1.0,3636.0,1.0,1.0
C0594,34.0,1.0,1.0,0.0,2989.0,0.6192733017377567,0.0
C0595,54.0,1.0,4.0,1.0,3498.0,0.0,0.0
C0001,48.0,1.0,0.0,1.0,1245.0,1.0,1.0
C0001,40.0,1.0,0.0,1.0,3753.0,1.0,1.0
C0598,37.0,0.5968421052631578,3.0,1.0,3780.0,1.0,1.0
C0599,27.0,0.0,1.0,1.0,3113.0,1.0,1.0
C0600,33.0,1.0,4.0,0.0,3083.0,1.0,0.0
C0601,18.0,1.0,3.0,1.0,1403.0,0.0,0.0
C0602,31.0,0.0,1.0,0.0,2130.0,0.0,1.0
C0603,63.0,1.0,1.0,0.5734597156398105,1183.0,0.0,0.0
C0604,30.0,0.0,0.0,1.0,4192.0,0.0,1.0
C0606,33.0,0.0,2.909952606635071,1.0,2856.0,0.0,1.0
C0607,26.0,0.0,4.0,1.0,3545.0,1.0,1.0
C0608,52.0,1.0,5.0,0.0,1344.0,0.0,0.0
C0609,49.0,1.0,3.0,1.0,4189.0,0.0,1.0
C0610,52.0,1.0,1.0,0.0,2908.0,0.0,0.0
C0611,49.68667719852554,0.0,2.0,1.0,1789.0,0.0,0.0
C0612,39.0,1.0,5.0,1.0,2690.0,0.0,0.0
C0613,45.0,0.0,1.0,0.0,1693.0,0.0,0.0
C0614,23.0,0.0,3.0,1.0,3524.0,0.0,0.0
C0615,39.0,1.0,5.0,1.0,3528.0,0.0,1.0
C0616,23.0,0.0,0.0,0.0,1937.0,0.0,0.5487098472880464
C0617,49.0,1.0,5.0,1.0,3275.0,1.0,1.0
C0618,52.0,0.0,2.0,1.0,3787.0,0.0,1.0
C0001,35.0,0.0,1.0,1.0,3043.0,0.0,1.0
C0620,30.0,0.0,0.0,1.0,1819.0,0.0,0.0
C0623,37.0,1.0,3.0,0.0,2578.0,1.0,0.0
C0624,57.0,0.0,1.0,1.0,2335.0,1.0,0.0
C0625,39.0,0.0,3.0,0.0,3880.0,1.0,0.5487098472880464
C0626,62.0,1.0,5.0,1.0,4061.0,0.0,1.0
C0627,43.0,0.0,5.0,0.0,3024.988947368421,0.0,0.0
C0628,52.0,1.0,3.0,0.0,1882.0,0.0,0.0
C0629,52.0,0.0,0.0,0.0,2145.0,1.0,1.0
C0630,49.68667719852554,0.0,1.0,1.0,1183.0,0.0,0.0
C0631,58.0,0.0,0.0,0.0,2386.0,1.0,0.0
C0632,20.0,1.0,3.0,0.0,4147.0,1.0,1.0
C0633,35.0,1.0,2.0,0.5734597156398105,1043.0,0.0,0.0
C0634,21.0,0.0,2.0,1.0,1424.0,1.0,0.0
C0635,50.0,1.0,4.0,0.0,1638.0,0.0,0.0
C0636,32.0,1.0,2.909952606635071,0.0,2159.0,1.0,0.0
C0637,41.0,0.0,4.0,1.0,3085.0,0.0,0.0
C0638,35.0,0.0,5.0,1.0,3024.988947368421,0.0,0.0
C0639,18.0,1.0,4.0,0.0,2036.0,0.0,1.0
C0640,61.0,0.0,5.0,0.0,3024.988947368421,0.0,1.0
C0641,20.0,1.0,0.0,1.0,1669.0,0.0,0.0
C0642,19.0,1.0,4.0,1.0,3059.0,1.0,1.0
C0643,50.0,0.0,1.0,0.0,2581.0,1.0,1.0
C0644,62.0,0.0,1.0,1.0,3024.988947368421,0.0,0.0
C0645,39.0,1.0,3.0,0.0,782.0,0.0,0.0
C0646,27.0,0.0,2.0,1.0,2223.0,0.0,1.0
C0647,40.0,0.0,0.0,1.0,2864.0,0.0,0.0
C0648,47.0,1.0,2.0,1.0,1308.0,1.0,0.0
C0649,59.0,0.5968421052631578,2.909952606635071,0.0,3024.988947368421,0.0,0.0
C0650,31.0,1.0,0.0,1.0,2551.0,0.0,0.0
C0651,58.0,1.0,4.0,1.0,2460.0,1.0,1.0
C0652,28.0,1.0,5.0,0.0,2892.0,0.0,1.0
C0653,33.0,1.0,2.0,1.0,3642.0,0.6192733017377567,1.0
C0654,58.0,0.0,2.0,1.0,2559.0,1.0,1.0
C0655,51.0,1.0,5.0,1.0,2069.0,0.0,0.0
C0656,19.0,1.0,5.0,1.0,3285.0,1.0,0.0
C0657,33.0,0.0,3.0,0.0,1767.0,0.0,0.5487098472880464
C0658,64.0,1.0,2.0,0.0,2851.0,1.0,1.0
C0659,34.0,1.0,2.909952606635071,0.0,3817.0,1.0,0.5487098472880464
C0660,31.0,1.0,5.0,0.0,1347.0,0.0,0.0
C0661,43.0,1.0,0.0,1.0,578.0,1.0,0.0
C0663,49.68667719852554,0.0,2.0,0.0,2548.0,1.0,0.0
C0664,22.0,0.0,0.0,0.0,2112.0,1.0,0.0
C0665,45.0,0.0,3.0,0.5734597156398105,2069.0,1.0,0.0
C0666,47.0,1.0,2.0,0.0,2541.0,0.0,1.0
C0667,63.0,0.5968421052631578,2.909952606635071,1.0,346.0,1.0,0.0
C0668,24.0,1.0,4.0,1.0,3349.0,0.0,1.0
C0001,52.0,0.0,5.0,0.0,1531.0,0.0,0.0
C0001,42.0,0.0,5.0,0.0,1487.0,1.0,0.5487098472880464
C0671,44.0,1.0,5.0,0.0,3743.0,1.0,1.0
C0672,20.0,1.0,2.0,0.0,3392.0,1.0,0.0
C0673,41.0,1.0,2.0,1.0,2046.0,1.0,0.5487098472880464
C0674,30.0,0.0,3.0,0.0,1504.0,0.0,0.0
C0675,36.0,0.0,5.0,0.0,3273.0,0.0,1.0
C0676,21.0,0.5968421052631578,2.0,1.0,4424.0,0.0,1.0
C0677,35.0,1.0,5.0,1.0,4599.0,1.0,1.0
C0678,49.68667719852554,1.0,0.0,0.0,3024.988947368421,1.0,1.0
C0679,59.0,0.0,5.0,0.0,3692.0,1.0,0.0
C0680,62.0,1.0,3.0,0.0,3204.0,1.0,1.0
C0681,59.0,1.0,2.0,0.0,2716.0,0.6192733017377567,1.0
C0682,43.0,1.0,3.0,1.0,1314.0,0.0,0.0
C0683,42.0,0.0,4.0,0.0,2107.0,0.0,0.0
C0684,33.0,0.0,5.0,0.0,3371.0,0.0,0.0
C0685,19.0,1.0,2.0,0.0,2568.0,0.0,0.0
C0686,47.0,0.0,1.0,1.0,1900.0,0.0,1.0
C0687,56.0,1.0,4.0,1.0,1583.0,0.0,0.0
C0688,50.0,1.0,5.0,0.0,2271.0,1.0,0.0
C0689,25.0,1.0,1.0,0.0,2465.0,1.0,0.0
C0690,31.0,0.0,3.0,1.0,2279.0,0.0,1.0
C0692,59.0,0.0,3.0,0.5734597156398105,864.0,1.0,0.0
C0693,55.0,1.0,3.0,0.0,2795.0,0.0,0.5487098472880464
C0695,51.0,1.0,4.0,1.0,3110.0,1.0,0.0
C0696,18.0,0.0,5.0,0.0,2604.0,1.0,1.0
C0697,49.68667719852554,0.0,5.0,0.0,1652.0,0.0,0.0
C0698,41.0,1.0,3.0,0.0,3946.0,1.0,1.0
C0699,19.0,0.0,2.0,0.0,1292.0,1.0,0.0
C0700,20.0,0.0,1.0,1.0,1893.0,0.0,0.0
C0701,57.0,1.0,0.0,0.0,1484.0,1.0,0.0
C0702,29.0,0.0,5.0,0.0,2878.0,1.0,0.0
C0703,52.0,0.0,1.0,0.0,3587.0,0.0,1.0
C0704,29.0,0.0,0.0,0.5734597156398105,3933.0,0.0,1.0
C0705,29.0,1.0,0.0,1.0,3135.0,1.0,1.0
C0706,56.0,0.0,1.0,0.0,2708.0,0.0,1.0
C0707,25.0,0.0,0.0,0.0,1437.0,0.0,1.0
C0708,63.0,1.0,5.0,1.0,3582.0,1.0,1.0
C0709,23.0,0.0,1.0,0.0,3607.0,0.0,1.0
C0710,52.0,0.5968421052631578,1.0,0.0,4021.0,1.0,0.0
C0711,18.0,1.0,0.0,1.0,2182.0,1.0,0.0
C0712,60.0,0.0,3.0,0.0,2330.0,1.0,1.0
C0713,27.0,0.0,2.909952606635071,0.0,1790.0,1.0,0.0
C0714,25.0,1.0,4.0,1.0,1698.0,0.0,0.0
C0715,35.0,1.0,3.0,0.0,3345.0,0.0,1.0
C0716,21.0,0.0,0.0,0.0,4007.0,1.0,1.0
C0717,63.0,0.0,4.0,1.0,3715.0,1.0,1.0
C0719,49.68667719852554,1.0,1.0,1.0,3216.0,0.6192733017377567,1.0
C0720,51.0,1.0,2.0,0.0,3919.0,0.0,0.0
C0721,21.0,1.0,3.0,0.0,3694.0,1.0,1.0
C0723,28.0,1.0,5.0,0.0,2234.0,0.0,0.0
C0724,44.0,0.0,2.0,1.0,3024.988947368421,1.0,1.0
C0725,29.0,0.0,0.0,0.0,2663.0,1.0,0.0
C0726,35.0,0.0,1.0,0.0,3168.0,0.6192733017377567,0.0
C0727,46.0,0.0,4.0,0.0,2107.0,0.0,1.0
C0729,42.0,1.0,3.0,1.0,3583.0,1.0,0.0
C0730,62.0,0.0,3.0,0.0,3493.0,1.0,1.0
C0731,49.0,1.0,2.909952606635071,0.5734597156398105,4140.0,0.6192733017377567,0.0
C0732,56.0,1.0,0.0,0.0,1119.0,1.0,0.0
C0733,54.0,1.0,4.0,1.0,3618.0,1.0,1.0
C0734,63.0,1.0,2.909952606635071,1.0,2686.0,0.0,0.0
C0735,43.0,0.0,0.0,1.0,2442.0,0.0,1.0
C0736,63.0,1.0,2.0,1.0,3366.0,0.0,1.0
C0001,29.0,0.0,0.0,0.0,4303.0,1.0,1.0
C0738,64.0,1.0,0.0,0.0,1093.0,0.0,0.0
C0739,56.0,0.5968421052631578,2.0,1.0,3714.0,1.0,1.0
C0740,60.0,0.0,2.0,1.0,3615.0,0.0,1.0
C0741,19.0,0.0,1.0,0.0,3918.0,0.0,1.0
C0742,49.0,1.0,0.0,0.0,3661.0,0.0,1.0
C0743,43.0,0.0,5.0,0.0,2696.0,0.0,0.0
C0745,59.0,0.0,4.0,1.0,2747.0,0.0,0.0
C0746,25.0,0.0,2.0,1.0,1530.0,0.0,0.0
C0747,43.0,1.0,3.0,0.0,3733.0,1.0,0.0
C0748,49.68667719852554,0.0,2.0,1.0,3348.0,0.0,1.0
C0749,47.0,0.0,2.0,1.0,2700.0,0.0,1.0
C0750,54.0,1.0,4.0,0.0,1783.0,0.0,0.0
C0751,63.0,1.0,3.0,0.0,1925.0,1.0,0.0
C0752,51.0,0.0,5.0,0.0,1435.0,1.0,0.0
C0753,32.0,1.0,0.0,0.0,3024.988947368421,0.0,0.0
C0754,35.0,0.0,3.0,1.0,3860.0,0.0,1.0
C0755,57.0,1.0,3.0,0.0,1618.0,1.0,0.0
C0756,21.0,0.0,0.0,0.0,1946.0,1.0,1.0
C0758,46.0,1.0,5.0,1.0,3971.0,0.0,1.0
C0001,26.0,0.5968421052631578,3.0,1.0,2202.0,1.0,1.0
C0760,57.0,0.0,4.0,1.0,2052.0,0.0,1.0
C0763,57.0,1.0,5.0,1.0,1772.0,0.0,0.0
C0764,63.0,0.0,0.0,1.0,2176.0,1.0,0.0
C0765,49.68667719852554,0.5968421052631578,5.0,1.0,1489.0,0.6192733017377567,0.0
C0766,64.0,0.0,1.0,1.0,1515.0,0.0,1.0
C0768,54.0,0.0,5.0,1.0,2916.0,1.0,1.0
C0769,42.0,0.0,5.0,1.0,2750.0,0.0,0.0
C0770,45.0,0.0,2.0,0.0,3127.0,0.0,1.0
C0771,32.0,1.0,0.0,0.0,2174.0,0.0,0.0
C0772,60.0,1.0,2.909952606635071,0.0,1051.0,1.0,0.0
C0773,39.0,1.0,0.0,0.0,3289.0,1.0,1.0
C0774,58.0,0.0,2.909952606635071,1.0,2598.0,1.0,1.0
C0775,35.0,1.0,2.909952606635071,1.0,3197.0,0.0,1.0
C0776,54.0,1.0,4.0,1.0,3513.0,1.0,1.0
C0777,58.0,1.0,1.0,0.0,3568.0,1.0,1.0
C0778,39.0,1.0,3.0,0.0,1613.0,1.0,0.0
C0779,48.0,0.0,1.0,1.0,2020.0,1.0,0.0
C0780,26.0,0.0,2.0,1.0,525.0,0.0,0.0
C0781,32.0,1.0,0.0,1.0,2977.0,1.0,1.0
C0783,52.0,0.0,4.0,1.0,1930.0,1.0,0.0
C0784,52.0,0.5968421052631578,1.0,1.0,3379.0,0.0,1.0
C0785,47.0,1.0,2.0,0.0,2241.0,0.0,1.0
C0786,52.0,0.0,3.0,1.0,4145.0,0.0,1.0
C0001,51.0,0.5968421052631578,2.0,0.0,3084.0,1.0,1.0
C0789,43.0,0.0,0.0,1.0,2155.0,0.0,0.0
C0001,29.0,0.0,0.0,1.0,441.0,1.0,0.0
C0791,19.0,0.0,0.0,0.5734597156398105,608.0,0.6192733017377567,0.0
C0792,51.0,0.0,3.0,1.0,3743.0,1.0,1.0
C0793,52.0,1.0,0.0,0.0,1377.0,0.0,1.0
C0794,42.0,1.0,4.0,1.0,1514.0,0.6192733017377567,0.0
C0795,27.0,0.0,1.0,0.0,2188.0,0.0,1.0
C0796,49.68667719852554,1.0,5.0,1.0,2617.0,1.0,1.0
C0797,38.0,0.0,1.0,0.0,4053.0,1.0,1.0
C0798,55.0,1.0,1.0,1.0,2850.0,1.0,1.0
C0799,26.0,1.0,1.0,0.5734597156398105,3084.0,1.0,0.0
C0800,55.0,1.0,10.0,1.0,2996.0,1.0,0.0
C0801,57.0,1.0,2.0,0.0,1921.0,1.0,0.0
C0802,44.0,0.5968421052631578,0.0,0.5734597156398105,2445.0,0.0,1.0
C0803,22.0,0.0,1.0,1.0,2501.0,0.0,0.5487098472880464
C0804,33.0,1.0,5.0,0.0,2019.0,1.0,0.0
C0805,20.0,1.0,2.909952606635071,1.0,2744.0,0.0,1.0
C0806,59.0,0.0,0.0,1.0,3248.0,0.0,1.0
C0001,62.0,1.0,4.0,0.0,3024.988947368421,0.0,0.0
C0809,46.0,0.0,2.909952606635071,0.0,1718.0,0.0,0.0
C0810,60.0,1.0,1.0,1.0,1485.0,0.0,0.0
C0811,53.0,0.0,1.0,0.0,3205.0,0.0,1.0
C0812,48.0,1.0,2.0,1.0,2136.0,0.0,1.0
C0001,28.0,0.5968421052631578,3.0,0.0,2817.0,0.0,0.0
C0814,41.0,0.0,0.0,1.0,1184.0,1.0,0.0
C0815,45.0,1.0,5.0,1.0,3550.0,0.0,1.0
C0816,62.0,0.0,2.909952606635071,1.0,1610.0,1.0,0.0
C0817,42.0,1.0,1.0,1.0,2448.0,1.0,0.0
C0818,57.0,1.0,5.0,1.0,2639.0,1.0,1.0
C0819,25.0,1.0,10.0,1.0,1637.0,1.0,0.0
C0820,49.68667719852554,0.0,2.0,0.0,2801.0,0.0,1.0
C0821,39.0,0.0,2.0,1.0,3024.988947368421,0.0,1.0
C0822,23.0,1.0,0.0,1.0,3262.0,1.0,1.0
C0823,63.0,1.0,3.0,1.0,2290.0,0.6192733017377567,0.0
C0001,33.0,0.0,0.0,1.0,2068.0,0.0,0.0
C0827,18.0,1.0,3.0,0.0,1542.0,0.0,0.0
C0828,31.0,1.0,0.0,0.0,3303.0,0.0,1.0
C0829,32.0,0.0,4.0,1.0,1924.0,1.0,0.0
C0830,44.0,0.0,5.0,0.0,3024.988947368421,1.0,0.0
C0831,59.0,0.0,0.0,0.0,3235.0,0.0,1.0
C0832,29.0,0.0,2.0,1.0,3024.988947368421,0.0,0.5487098472880464
C0833,63.0,0.0,3.0,0.0,1678.0,1.0,1.0
C0836,49.68667719852554,0.0,2.0,0.0,2936.0,1.0,0.5487098472880464
C0837,51.0,0.0,1.0,0.0,2627.0,1.0,1.0
C0838,47.0,0.0,4.0,1.0,2447.0,0.0,1.0
C0839,38.0,1.0,5.0,0.5734597156398105,2798.0,1.0,1.0
C0840,49.0,0.0,2.909952606635071,1.0,1339.0,0.0,0.0
C0841,57.0,1.0,4.0,0.5734597156398105,2097.0,1.0,0.0
C0842,34.0,1.0,0.0,1.0,1265.0,0.0,0.0
C0843,37.0,0.0,2.0,1.0,2527.0,0.0,1.0
C0844,26.0,1.0,5.0,0.0,3388.0,0.0,1.0
C0845,52.0,0.0,5.0,0.0,3431.0,0.6192733017377567,1.0
C0846,64.0,1.0,5.0,1.0,3160.0,1.0,1.0
C0847,53.0,1.0,2.909952606635071,0.0,2454.0,1.0,0.5487098472880464
C0848,20.0,0.0,4.0,0.0,4069.0,0.0,1.0
C0850,21.0,1.0,3.0,0.0,3031.0,0.0,1.0
C0851,38.0,0.0,1.0,1.0,3217.0,0.0,0.5487098472880464
C0852,54.0,1.0,4.0,0.0,2197.0,0.0,0.0
C0853,39.0,1.0,3.0,1.0,2426.0,1.0,0.0
C0854,50.0,1.0,2.0,1.0,2818.0,0.0,0.0
C0855,26.0,1.0,2.0,0.5734597156398105,2594.0,1.0,0.0
C0856,49.68667719852554,1.0,0.0,0.0,2629.0,0.0,1.0
C0857,42.0,0.0,1.0,0.0,2832.0,1.0,1.0
C0859,47.0,0.5968421052631578,2.0,1.0,3024.988947368421,0.0,0.0
C0860,60.0,0.0,4.0,1.0,1766.0,1.0,0.0
C0861,51.0,1.0,5.0,1.0,961.0,0.0,0.0
C0001,43.0,0.0,0.0,1.0,1173.0,0.0,0.5487098472880464
C0863,43.0,0.5968421052631578,3.0,1.0,3307.0,0.0,1.0
C0864,47.0,0.0,2.0,0.0,2573.0,0.6192733017377567,1.0
C0865,63.0,1.0,4.0,1.0,2598.0,1.0,0.0
C0866,25.0,1.0,1.0,0.0,2666.0,0.0,1.0
C0868,40.0,1.0,5.0,0.0,1498.0,1.0,1.0
C0869,37.0,0.0,5.0,1.0,3046.0,1.0,1.0
C0870,41.0,0.0,0.0,0.0,3666.0,1.0,1.0
C0871,35.0,1.0,5.0,1.0,553.0,1.0,1.0
C0872,54.0,0.0,3.0,0.0,1362.0,0.0,0.0
C0874,42.0,1.0,5.0,1.0,2569.0,0.0,1.0
C0876,62.0,0.0,0.0,0.0,3086.0,0.0,0.0
C0877,18.0,1.0,3.0,1.0,2930.0,0.0,1.0
C0878,28.0,1.0,3.0,1.0,2575.0,1.0,1.0
C0879,27.0,0.0,3.0,0.0,3482.0,0.0,1.0
C0001,40.0,1.0,0.0,0.0,3387.0,1.0,1.0
C0881,41.0,1.0,0.0,0.5734597156398105,2082.0,0.0,0.0
C0882,25.0,0.5968421052631578,5.0,0.0,2999.0,0.0,1.0
C0883,35.0,1.0,3.0,0.0,680.0,0.0,0.0
C0884,56.0,1.0,0.0,0.0,722.0,0.0,1.0
C0885,64.0,0.0,5.0,1.0,3473.0,1.0,1.0
C0886,55.0,1.0,1.0,1.0,3229.0,1.0,0.0
C0887,51.0,0.0,5.0,1.0,3098.0,0.0,0.0
C0888,27.0,0.0,5.0,0.0,939.0,1.0,0.0
C0889,49.68667719852554,0.0,3.0,1.0,2612.0,1.0,1.0
C0890,45.0,0.5968421052631578,0.0,1.0,2459.0,1.0,0.0
C0891,52.0,1.0,2.909952606635071,1.0,1659.0,1.0,0.0
C0892,58.0,1.0,0.0,1.0,3121.0,0.0,1.0
C0894,54.0,0.5968421052631578,3.0,1.0,2923.0,0.0,1.0
C0001,49.68667719852554,1.0,3.0,0.0,2281.0,0.0,0.0
C0896,32.0,1.0,4.0,1.0,2743.0,1.0,0.0
C0897,33.0,1.0,4.0,1.0,2922.0,0.0,0.0
C0898,43.0,1.0,2.0,1.0,2433.0,0.0,0.0
C0899,58.0,1.0,0.0,0.0,2723.0,0.0,0.0
C0900,34.0,0.0,4.0,1.0,4009.0,1.0,1.0
C0901,26.0,1.0,3.0,1.0,2601.0,1.0,0.0
C0902,43.0,0.0,2.0,1.0,3141.0,0.6192733017377567,1.0
C0903,58.0,0.0,4.0,0.0,1253.0,0.0,0.0
C0904,48.0,0.5968421052631578,1.0,1.0,2566.0,0.0,1.0
C0905,41.0,1.0,1.0,1.0,2242.0,1.0,0.0
C0907,49.0,1.0,1.0,1.0,3457.0,0.0,1.0
C0908,34.0,0.0,2.0,0.0,956.0,0.0,0.0
C0909,64.0,0.5968421052631578,3.0,0.0,2368.0,0.0,0.0
C0910,58.0,0.0,3.0,0.5734597156398105,1691.0,0.0,0.0
C0911,22.0,1.0,2.0,0.0,2134.0,1.0,0.0
C0912,44.0,0.0,0.0,0.0,1608.0,1.0,0.0
C0913,30.0,1.0,5.0,0.0,2060.0,0.0,1.0
C0914,36.0,0.0,4.0,1.0,3024.988947368421,1.0,1.0
C0915,22.0,0.0,0.0,0.0,1462.0,0.0,1.0
C0917,48.0,1.0,5.0,0.0,3244.0,0.0,1.0
C0918,18.0,0.0,2.0,0.0,535.0,1.0,1.0
C0919,54.0,1.0,1.0,0.0,1867.0,1.0,0.0
C0920,45.0,0.0,0.0,1.0,3743.0,1.0,1.0
C0921,49.68667719852554,1.0,2.0,1.0,945.0,0.0,1.0
C0922,23.0,1.0,1.0,0.5734597156398105,2902.0,1.0,0.0
C0923,51.0,0.5968421052631578,2.909952606635071,0.0,3206.0,1.0,1.0
C0924,54.0,1.0,4.0,1.0,1973.0,0.0,0.0
C0925,45.0,1.0,5.0,1.0,2226.0,1.0,0.0
C0926,63.0,0.0,0.0,0.0,2669.0,0.0,1.0
C0001,36.0,0.0,4.0,0.0,2676.0,0.0,0.5487098472880464
C0928,24.0,0.5968421052631578,3.0,1.0,3234.0,1.0,0.0
C0929,19.0,0.0,1.0,0.0,1511.0,0.6192733017377567,0.0
C0930,34.0,1.0,4.0,1.0,2553.0,0.0,1.0
C0932,49.68667719852554,0.5968421052631578,2.0,0.0,2589.0,1.0,0.0
C0933,30.0,1.0,2.0,0.0,2303.0,1.0,1.0
C0934,54.0,0.0,3.0,1.0,2382.0,0.0,1.0
C0935,22.0,0.0,2.0,1.0,2480.0,0.0,0.0
C0936,63.0,0.0,5.0,0.0,2272.0,1.0,0.0
C0937,21.0,0.0,3.0,1.0,2097.0,1.0,0.0
C0938,59.0,0.0,1.0,0.0,723.0,1.0,0.0
C0939,58.0,1.0,1.0,1.0,3024.988947368421,0.6192733017377567,1.0
C0940,50.0,0.0,0.0,1.0,2037.0,0.0,1.0
C0941,55.0,0.0,4.0,1.0,2461.0,0.0,1.0
C0942,36.0,1.0,4.0,1.0,2130.0,0.0,0.0
C0943,49.68667719852554,0.5968421052631578,1.0,1.0,2926.0,0.0,1.0
C0944,28.0,0.0,0.0,1.0,3366.0,0.0,1.0
C0945,56.0,0.5968421052631578,10.0,0.0,2481.0,0.0,1.0
C0001,61.0,0.5968421052631578,0.0,1.0,6610.0,1.0,0.0
C0947,25.0,0.0,3.0,1.0,1222.0,1.0,0.0
C0948,39.0,0.0,3.0,1.0,536.0,0.0,0.0
C0949,18.0,0.0,0.0,1.0,2704.0,0.0,1.0
C0950,24.0,1.0,1.0,0.0,3646.0,1.0,1.0
C0951,49.0,0.0,2.0,0.0,3095.0,1.0,1.0
C0952,28.0,0.0,3.0,0.0,1441.0,1.0,1.0
C0953,29.0,0.0,0.0,1.0,1934.0,0.0,1.0
C0954,53.0,1.0,5.0,0.0,3396.0,1.0,1.0
C0955,41.0,0.0,5.0,0.0,3256.0,0.0,1.0
C0956,40.0,1.0,2.0,1.0,2773.0,0.0,1.0
C0957,21.0,0.0,4.0,0.0,2152.0,1.0,0.0
C0958,50.0,0.0,1.0,1.0,3024.988947368421,1.0,0.0
C0959,61.0,0.0,2.909952606635071,1.0,1943.0,1.0,0.0
C0960,24.0,0.5968421052631578,2.0,0.0,1977.0,1.0,0.0
C0961,18.0,0.0,3.0,1.0,3303.0,1.0,0.0
C0962,57.0,0.0,3.0,0.5734597156398105,4163.0,0.6192733017377567,1.0
C0963,54.0,0.0,3.0,0.0,1386.0,0.0,0.0
C0964,34.0,1.0,5.0,0.0,1669.0,1.0,0.0
C0965,49.0,0.0,3.0,0.0,3982.0,0.0,1.0
C0966,36.0,1.0,4.0,0.0,1607.0,1.0,1.0
C0967,52.0,0.0,1.0,0.0,1748.0,1.0,0.0
C0968,59.0,0.0,4.0,0.0,2458.0,1.0,1.0
C0969,42.0,1.0,0.0,1.0,1291.0,1.0,0.0
C0970,49.0,1.0,0.0,0.0,1491.0,1.0,0.0
C0971,23.0,1.0,3.0,0.0,2039.0,0.6192733017377567,0.0
C0972,26.0,0.0,1.0,1.0,3515.0,0.0,1.0
C0973,47.0,0.0,5.0,1.0,1453.0,1.0,0.5487098472880464
C0974,47.0,0.0,1.0,1.0,3099.0,0.0,1.0
C0975,32.0,1.0,2.909952606635071,0.5734597156398105,2929.0,0.0,0.0
C0976,63.0,0.0,4.0,1.0,2166.0,0.0,0.0
C0977,29.0,1.0,2.0,0.0,3360.0,1.0,1.0
C0978,50.0,0.0,3.0,1.0,1211.0,0.0,0.0
C0001,64.0,0.0,1.0,0.0,3766.0,1.0,1.0
C0980,38.0,1.0,5.0,1.0,1528.0,0.0,0.0
C0981,19.0,1.0,4.0,1.0,3646.0,1.0,1.0
C0982,63.0,0.0,2.909952606635071,1.0,1953.0,1.0,1.0
C0983,52.0,1.0,2.0,0.0,2187.0,0.0,0.0
C0984,60.0,1.0,0.0,1.0,2674.0,0.0,1.0
C0985,23.0,1.0,1.0,0.0,3491.0,1.0,1.0
C0986,61.0,0.0,5.0,0.0,3918.0,0.0,1.0
C0987,210.0,1.0,2.0,0.5734597156398105,3024.988947368421,0.0,1.0
C0988,36.0,1.0,2.0,0.0,2883.0,1.0,0.0
C0989,54.0,1.0,2.0,1.0,1206.0,0.0,0.0
C0991,22.0,1.0,4.0,1.0,4029.0,1.0,1.0
C0992,35.0,0.0,5.0,1.0,2073.0,1.0,0.0
C0993,39.0,1.0,3.0,1.0,1598.0,0.0,1.0
C0994,41.0,1.0,2.0,1.0,2017.0,0.0,0.0
C0996,34.0,0.0,2.0,1.0,3024.988947368421,1.0,0.0
C0997,48.0,1.0,5.0,0.0,4295.0,0.0,1.0
C0998,58.0,1.0,2.909952606635071,0.0,2174.0,0.0,0.0
C0999,64.0,1.0,1.0,0.5734597156398105,3024.988947368421,1.0,0.0
C1000,37.0,0.0,0.0,1.0,1586.0,1.0,1.0
C1001,19.0,0.0,1.0,1.0,3265.0,1.0,1.0
C1002,55.0,0.5968421052631578,0.0,0.0,2099.0,1.0,1.0
C1003,63.0,1.0,1.0,1.0,4485.0,1.0,1.0
C0001,24.0,0.0,2.0,1.0,2306.0,1.0,1.0
C1005,42.0,0.0,0.0,0.0,2109.0,1.0,0.0
C1006,52.0,1.0,2.0,0.0,546.0,0.0,0.0
C1007,53.0,0.0,5.0,1.0,1513.0,0.0,1.0
C1008,26.0,1.0,1.0,1.0,4062.0,1.0,1.0
C1009,52.0,1.0,1.0,1.0,1640.0,0.0,0.0
C0001,24.0,0.5968421052631578,4.0,1.0,3024.988947368421,1.0,0.0
C1011,59.0,0.0,4.0,0.0,1508.0,0.0,0.0
C1012,18.0,0.0,1.0,0.0,1711.0,1.0,0.5487098472880464
C1013,53.0,0.0,3.0,1.0,1934.0,1.0,1.0
C1014,23.0,0.0,0.0,1.0,3202.0,0.0,0.0
C1015,56.0,0.5968421052631578,2.0,0.5734597156398105,1966.0,0.0,0.0
C1016,29.0,0.0,2.0,1.0,2711.0,0.0,0.0
C1017,18.0,0.0,0.0,0.0,2421.0,1.0,1.0
C1018,39.0,0.0,4.0,1.0,440.0,1.0,0.0
C1020,24.0,1.0,4.0,1.0,1516.0,1.0,0.5487098472880464
C0001,33.0,0.0,3.0,0.0,969.0,0.0,0.0
C1022,48.0,1.0,0.0,0.0,1626.0,0.0,0.0
C1023,59.0,1.0,5.0,1.0,2449.0,0.0,1.0
C1024,26.0,1.0,4.0,1.0,1332.0,0.0,0.0
C1025,56.0,1.0,1.0,0.0,2840.0,0.0,0.0
C1026,21.0,1.0,1.0,0.0,2781.0,1.0,0.5487098472880464
C1027,49.68667719852554,1.0,0.0,0.0,1042.0,0.0,0.0
C1028,29.0,1.0,2.0,1.0,2145.0,1.0,1.0
C1029,33.0,0.0,0.0,0.0,2107.0,0.0,0.0
C1030,37.0,0.0,2.0,1.0,1432.0,1.0,0.0
C1031,18.0,0.0,5.0,0.0,1952.0,1.0,0.5487098472880464
C1032,62.0,0.0,1.0,0.0,2173.0,1.0,0.0
C1033,31.0,0.0,0.0,0.5734597156398105,1093.0,0.0,0.0
C1034,56.0,0.0,1.0,0.0,3089.0,0.0,1.0
C1035,28.0,0.0,1.0,0.0,2004.0,0.0,0.0
C1036,62.0,0.0,3.0,0.0,2955.0,1.0,1.0
C1037,48.0,1.0,2.0,0.5734597156398105,2154.0,1.0,1.0
C1038,63.0,0.0,4.0,0.0,3191.0,0.0,0.5487098472880464
C1040,48.0,0.0,3.0,1.0,4379.0,1.0,1.0
C1041,56.0,1.0,5.0,0.5734597156398105,2767.0,0.0,1.0
C1042,26.0,1.0,4.0,0.0,2696.0,0.0,0.0
C1043,53.0,0.0,2.0,0.0,2784.0,1.0,1.0
C1044,55.0,0.0,1.0,1.0,2419.0,0.6192733017377567,0.0
C0001,52.0,1.0,2.0,0.5734597156398105,3070.0,1.0,1.0
C1046,29.0,0.0,3.0,1.0,2899.0,1.0,0.0
C1047,40.0,1.0,4.0,1.0,1877.0,1.0,0.0
C1048,58.0,0.0,0.0,1.0,1686.0,0.6192733017377567,0.0
C1049,27.0,1.0,2.0,0.0,3024.988947368421,0.0,0.0
C1050,36.0,0.0,3.0,1.0,924.0,0.0,0.0
C1051,59.0,0.0,3.0,0.0,2523.0,0.0,0.0
C1052,19.0,1.0,2.0,0.0,1512.0,1.0,0.0
C1053,37.0,0.0,5.0,0.0,1992.0,1.0,0.0
C1054,41.0,1.0,1.0,0.0,3226.0,1.0,1.0
C1055,53.0,0.0,0.0,1.0,3658.0,1.0,0.0
C1056,59.0,0.0,4.0,0.5734597156398105,847.0,0.0,0.0
C1057,35.0,0.0,5.0,1.0,3203.0,1.0,1.0
C1058,53.0,0.0,2.0,1.0,2995.0,1.0,0.0
C1059,23.0,0.0,0.0,1.0,2610.0,1.0,1.0
C1060,59.0,0.0,1.0,1.0,3195.0,0.0,1.0
C1061,36.0,1.0,4.0,1.0,1252.0,0.6192733017377567,0.0
C1062,64.0,0.0,2.909952606635071,1.0,829.0,0.0,0.0
C1063,44.0,1.0,4.0,0.0,3380.0,0.0,1.0
C1064,59.0,0.0,5.0,0.0,1630.0,1.0,0.0
C1065,18.0,0.0,1.0,0.5734597156398105,3944.0,1.0,1.0
C1066,43.0,1.0,5.0,0.0,4266.0,0.0,1.0
C1067,22.0,1.0,5.0,1.0,3042.0,0.0,1.0
C1068,43.0,0.0,5.0,0.0,2274.0,0.0,0.0
C1069,26.0,0.5968421052631578,5.0,1.0,2063.0,0.0,1.0
C1070,60.0,1.0,3.0,1.0,623.0,0.0,0.0
C1071,20.0,1.0,5.0,0.0,3397.0,0.0,1.0
C1072,56.0,1.0,5.0,0.0,3033.0,0.0,1.0
C1073,57.0,1.0,0.0,0.0,3074.0,0.0,0.0
C1074,58.0,1.0,0.0,1.0,3024.988947368421,1.0,0.0
C1075,44.0,1.0,0.0,0.0,3777.0,1.0,1.0
C1076,46.0,0.5968421052631578,4.0,0.5734597156398105,2529.0,1.0,0.0
C1077,49.68667719852554,0.0,1.0,0.0,3024.988947368421,1.0,0.0
C1078,61.0,1.0,5.0,0.5734597156398105,2405.0,1.0,0.0
C1080,35.0,0.0,4.0,1.0,1615.0,0.0,0.5487098472880464
C1082,58.0,0.0,2.909952606635071,0.0,2002.0,1.0,1.0
C1083,31.0,0.0,1.0,0.0,1806.0,0.0,0.0
C0001,61.0,0.5968421052631578,0.0,1.0,1723.0,1.0,0.0
C1085,59.0,1.0,0.0,0.0,2692.0,0.0,1.0
C1086,44.0,1.0,2.0,0.0,1128.0,0.0,0.0
C1087,28.0,1.0,1.0,0.0,1789.0,0.0,1.0
C1089,34.0,1.0,4.0,0.0,4275.0,1.0,1.0
C1091,64.0,1.0,2.909952606635071,0.5734597156398105,3458.0,0.0,1.0
C1092,30.0,1.0,2.909952606635071,0.0,1401.0,1.0,0.5487098472880464
C1093,24.0,0.0,4.0,1.0,1135.0,1.0,0.0
C1094,23.0,1.0,5.0,1.0,2111.0,0.0,0.0
C1096,29.0,0.0,3.0,0.0,3684.0,1.0,1.0
C1097,51.0,1.0,3.0,0.0,2569.0,1.0,1.0
C1098,54.0,1.0,4.0,0.0,3642.0,1.0,1.0
C1099,56.0,0.0,5.0,0.0,3580.0,0.0,0.0
C1100,52.0,0.0,4.0,1.0,1608.0,0.0,1.0
C1101,49.68667719852554,0.0,3.0,0.0,3185.0,1.0,0.0
C1102,46.0,0.0,2.909952606635071,0.0,3389.0,1.0,0.5487098472880464
C1104,58.0,0.0,5.0,0.0,2772.0,1.0,0.5487098472880464
C1105,54.0,0.0,4.0,1.0,2742.0,0.0,1.0
C1106,32.0,1.0,1.0,1.0,2150.0,0.0,0.0
C1108,55.0,1.0,1.0,0.0,1692.0,1.0,1.0
C1109,19.0,0.0,5.0,0.0,830.0,1.0,1.0
C1110,22.0,0.0,3.0,1.0,2343.0,1.0,0.0
C1111,37.0,1.0,3.0,1.0,2356.0,0.0,1.0
C1112,30.0,0.0,2.0,0.0,14140.0,1.0,0.5487098472880464
C1113,43.0,1.0,4.0,1.0,2383.0,1.0,1.0
C1114,32.0,1.0,1.0,1.0,3413.0,0.6192733017377567,1.0
C1115,39.0,1.0,2.0,0.0,1505.0,0.0,0.0
C1116,45.0,0.0,3.0,0.0,3179.0,1.0,1.0
C1117,45.0,1.0,5.0,0.0,2494.0,1.0,0.0
C1118,18.0,1.0,1.0,1.0,4187.0,1.0,1.0
C1119,37.0,1.0,5.0,1.0,1042.0,0.0,0.0
C1120,57.0,1.0,4.0,0.0,1758.0,1.0,0.0
C1122,38.0,1.0,0.0,0.0,1062.0,0.0,0.0
C1123,62.0,1.0,0.0,1.0,2285.0,1.0,0.0
C0001,30.0,0.0,3.0,0.0,2446.0,1.0,0.0
C1125,31.0,1.0,0.0,0.0,2542.0,1.0,1.0
C1126,21.0,0.0,1.0,1.0,3024.988947368421,1.0,0.5487098472880464
C1127,46.0,1.0,2.0,0.0,3895.0,0.0,1.0
C1128,56.0,0.0,2.0,0.0,1274.0,1.0,0.0
C1129,36.0,0.0,1.0,1.0,3295.0,0.0,1.0
C1131,30.0,1.0,1.0,0.0,1703.0,0.0,0.0
C1132,36.0,1.0,0.0,1.0,3024.988947368421,1.0,1.0
C1133,41.0,0.0,4.0,1.0,1836.0,0.0,0.0
C1134,51.0,1.0,4.0,1.0,2843.0,0.0,0.5487098472880464
C1137,23.0,0.5968421052631578,5.0,0.0,1960.0,1.0,1.0
C1139,53.0,1.0,1.0,1.0,3319.0,0.0,1.0
C1141,53.0,0.0,1.0,0.0,3148.0,1.0,1.0
C1142,63.0,1.0,3.0,0.0,2273.0,1.0,0.0
C1143,23.0,1.0,2.0,0.5734597156398105,3008.0,1.0,0.0
C1144,49.68667719852554,1.0,1.0,1.0,3737.0,0.0,1.0
C1145,62.0,1.0,2.0,1.0,1235.0,0.0,0.0
C1146,35.0,0.0,3.0,1.0,1771.0,1.0,0.0
C1147,61.0,1.0,4.0,1.0,1301.0,0.0,0.0
C1148,44.0,1.0,1.0,0.0,2464.0,0.0,1.0
C1149,54.0,1.0,1.0,0.0,3380.0,0.0,0.0
C1150,33.0,1.0,2.0,0.0,3278.0,1.0,1.0
C1151,42.0,0.0,2.909952606635071,0.0,4059.0,1.0,1.0
C1152,48.0,1.0,0.0,1.0,2684.0,0.0,1.0
C1153,21.0,0.0,4.0,1.0,1317.0,1.0,1.0
C1154,21.0,1.0,2.0,0.0,3208.0,0.0,0.0
C1156,24.0,1.0,1.0,1.0,2239.0,1.0,0.0
C1157,28.0,0.0,1.0,0.0,2058.0,0.0,0.0
C1160,42.0,1.0,3.0,1.0,1841.0,0.0,1.0
C1161,62.0,1.0,1.0,0.0,1209.0,0.0,0.0
C1162,55.0,1.0,4.0,0.0,1700.0,0.6192733017377567,0.0
C0001,49.68667719852554,1.0,0.0,1.0,2734.0,1.0,0.0
C1164,33.0,1.0,3.0,0.0,1982.0,0.0,0.0
C1165,22.0,1.0,5.0,1.0,3178.0,1.0,1.0
C1166,50.0,0.0,0.0,0.0,2215.0,0.0,0.0
C1167,29.0,0.0,1.0,0.0,3683.0,0.6192733017377567,1.0
C0001,35.0,1.0,2.0,1.0,981.0,1.0,0.0
C1170,49.68667719852554,0.0,3.0,0.0,2291.0,1.0,0.0
C1171,53.0,0.0,0.0,1.0,2232.0,0.0,0.0
C1173,64.0,1.0,3.0,0.0,1696.0,1.0,0.0
C1174,49.68667719852554,1.0,4.0,1.0,385.0,0.0,0.5487098472880464
C1175,45.0,0.0,1.0,0.0,1019.0,1.0,0.0
C1176,39.0,0.0,3.0,0.0,1132.0,1.0,0.0
C1177,33.0,1.0,0.0,1.0,2551.0,0.0,0.0
C1178,42.0,0.0,4.0,0.0,2067.0,0.6192733017377567,1.0
C1179,24.0,1.0,4.0,0.0,3213.0,0.0,1.0
C1180,35.0,1.0,4.0,0.0,1877.0,0.0,1.0
C1181,39.0,1.0,1.0,0.0,1883.0,1.0,0.0
C1182,45.0,1.0,2.0,0.5734597156398105,1962.0,1.0,1.0
C1183,33.0,1.0,1.0,0.0,2732.0,1.0,1.0
C1184,22.0,0.5968421052631578,4.0,0.0,3024.988947368421,0.6192733017377567,1.0
C1185,59.0,0.0,2.0,1.0,1783.0,0.0,0.0
C1186,42.0,1.0,1.0,1.0,2823.0,1.0,0.0
C1187,61.0,0.0,2.0,1.0,1562.0,1.0,0.0
C1188,45.0,0.0,1.0,0.0,2986.0,0.0,1.0
C1189,61.0,1.0,2.0,0.0,4472.0,1.0,1.0
C1190,40.0,1.0,3.0,1.0,3104.0,0.0,0.0
C1191,44.0,0.0,0.0,1.0,3024.988947368421,1.0,0.5487098472880464
C1192,25.0,0.0,2.0,0.0,1447.0,0.0,0.0
C1194,35.0,0.0,3.0,1.0,2383.0,0.0,0.0
C1195,60.0,1.0,2.909952606635071,0.5734597156398105,2369.0,0.0,1.0
C1196,47.0,1.0,1.0,1.0,861.0,1.0,1.0
C1197,53.0,0.0,2.0,0.0,3163.0,1.0,0.0
C1198,35.0,1.0,4.0,1.0,1179.0,1.0,0.0
C1199,33.0,1.0,2.0,0.0,3433.0,1.0,1.0
C1200,43.0,1.0,2.0,1.0,2735.0,1.0,1.0
C1201,40.0,1.0,0.0,0.0,804.0,1.0,0.0
C1202,30.0,0.0,0.0,1.0,2161.0,0.0,1.0
C1203,49.68667719852554,0.0,5.0,1.0,2297.0,0.0,1.0
C1204,48.0,1.0,2.0,1.0,3459.0,1.0,1.0
C1205,43.0,0.0,2.0,0.0,2493.0,0.0,0.0
C1206,21.0,0.0,1.0,1.0,1370.0,0.0,0.5487098472880464
C1207,55.0,0.0,1.0,0.0,665.0,0.0,0.0
C1208,49.68667719852554,1.0,4.0,0.0,1895.0,0.0,1.0
C1209,22.0,0.0,0.0,0.0,1465.0,1.0,0.5487098472880464
C1210,18.0,1.0,2.0,0.0,3611.0,1.0,1.0
C1211,60.0,0.0,0.0,1.0,7190.0,0.0,0.0
C1212,54.0,0.0,3.0,0.0,1934.0,0.0,0.0
C1213,22.0,0.0,2.0,1.0,4205.0,0.0,0.0
C1214,56.0,1.0,5.0,0.0,4067.0,1.0,1.0
C1215,31.0,1.0,2.0,0.0,2071.0,1.0,0.0
C0001,58.0,1.0,2.0,0.5734597156398105,1402.0,1.0,0.0
C1217,24.0,0.0,2.0,0.0,1045.0,1.0,0.0
C1218,24.0,1.0,3.0,0.0,1174.0,0.0,0.0
C1219,49.0,0.0,3.0,0.0,2957.0,0.0,0.0
C1220,49.68667719852554,1.0,2.0,1.0,1937.0,0.0,0.0
C1221,60.0,0.0,0.0,0.0,2070.0,0.0,1.0
C1222,56.0,1.0,5.0,0.0,1856.0,1.0,1.0
C1224,30.0,1.0,2.909952606635071,1.0,4120.0,1.0,0.5487098472880464
C1225,22.0,1.0,2.0,0.0,1574.0,0.0,0.0
C1227,40.0,1.0,4.0,1.0,2963.0,1.0,0.0
C1228,35.0,0.0,0.0,0.0,3763.0,0.0,1.0
C1229,59.0,1.0,0.0,0.5734597156398105,1097.0,1.0,0.0
C1230,61.0,0.5968421052631578,2.0,0.0,2911.0,0.0,0.5487098472880464
C1231,41.0,1.0,0.0,0.0,3541.0,1.0,0.5487098472880464
C1232,29.0,0.0,1.0,1.0,4043.0,0.6192733017377567,0.0
C0001,35.0,1.0,4.0,0.0,3778.0,0.0,1.0
C1235,34.0,1.0,0.0,0.0,3208.0,1.0,1.0
C1236,53.0,1.0,2.909952606635071,1.0,2136.0,1.0,0.0
C1237,63.0,1.0,5.0,0.0,2773.0,1.0,0.0
C1238,45.0,1.0,5.0,0.0,3097.0,1.0,1.0
C1239,31.0,1.0,0.0,0.0,4494.0,1.0,1.0
C1240,53.0,1.0,1.0,0.0,3668.0,0.0,1.0
C0001,32.0,0.0,5.0,0.0,2183.0,1.0,0.0
C1242,44.0,0.0,5.0,1.0,1940.0,0.0,0.0
C1243,30.0,0.0,3.0,1.0,1732.0,0.0,0.0
C1244,37.0,0.0,3.0,0.0,3648.0,1.0,1.0
C1245,33.0,1.0,1.0,1.0,2131.0,1.0,1.0
C1246,34.0,0.0,1.0,0.0,1261.0,1.0,0.5487098472880464
C1247,60.0,0.0,2.0,0.0,1612.0,1.0,0.5487098472880464
C1248,26.0,1.0,3.0,0.0,1793.0,1.0,0.0
C1249,48.0,1.0,3.0,1.0,3331.0,1.0,0.0
C1250,63.0,0.0,1.0,1.0,1218.0,0.0,0.0
C1251,38.0,1.0,5.0,0.0,3024.988947368421,0.0,0.0
C1252,64.0,1.0,1.0,0.0,3135.0,0.0,1.0
C1253,58.0,0.0,0.0,0.0,2702.0,1.0,0.0
C1254,22.0,1.0,5.0,0.0,3176.0,1.0,0.5487098472880464
C1255,35.0,1.0,2.0,1.0,3542.0,0.0,1.0
C1256,52.0,1.0,3.0,0.0,2459.0,1.0,1.0
C1257,62.0,1.0,1.0,0.5734597156398105,1259.0,0.0,0.0
C1258,53.0,1.0,5.0,1.0,2016.0,0.0,0.0
C1259,22.0,1.0,0.0,0.5734597156398105,3739.0,1.0,1.0
C1260,56.0,0.0,3.0,0.0,1868.0,0.0,0.0
C1261,36.0,0.0,1.0,1.0,1890.0,0.0,0.0
C1262,58.0,0.0,5.0,1.0,2687.0,1.0,1.0
C1263,46.0,1.0,1.0,1.0,3380.0,0.0,0.0
C1265,54.0,0.0,1.0,0.0,3024.988947368421,0.0,0.5487098472880464
C1266,48.0,1.0,3.0,1.0,2777.0,1.0,0.0
C1268,43.0,0.0,3.0,1.0,2023.0,1.0,0.0
C1269,25.0,1.0,3.0,0.5734597156398105,2723.0,0.0,1.0
C1270,58.0,0.0,2.909952606635071,0.0,3137.0,0.0,1.0
C1271,64.0,1.0,5.0,0.0,3635.0,1.0,0.0
C1272,27.0,0.5968421052631578,3.0,1.0,2635.0,1.0,1.0
C1274,43.0,0.0,0.0,1.0,1944.0,1.0,0.0
C1275,57.0,1.0,0.0,0.0,1004.0,1.0,0.0
C1276,60.0,1.0,4.0,1.0,2687.0,0.0,1.0
C1277,44.0,1.0,2.0,0.5734597156398105,634.0,0.0,1.0
C1278,59.0,0.0,0.0,1.0,2750.0,1.0,1.0
C1279,51.0,0.0,0.0,0.0,2969.0,0.0,1.0
C1280,31.0,0.0,10.0,1.0,1660.0,0.0,0.0
C1281,36.0,1.0,2.909952606635071,1.0,2396.0,0.0,0.0
C1282,35.0,0.0,0.0,0.0,3065.0,0.0,0.0
C1283,36.0,0.0,0.0,1.0,3379.0,0.0,1.0
C1284,36.0,1.0,4.0,0.0,1902.0,1.0,0.0
C1285,26.0,0.0,0.0,0.0,613.0,0.6192733017377567,0.0
C0001,39.0,0.0,4.0,1.0,2483.0,0.0,0.0
C0001,38.0,1.0,5.0,0.0,3901.0,1.0,0.0
C1288,49.0,0.0,4.0,1.0,3313.0,1.0,0.0
C1289,33.0,0.0,3.0,1.0,1735.0,1.0,0.0
C1290,35.0,1.0,3.0,1.0,849.0,1.0,0.0
C1291,63.0,0.0,4.0,0.0,2902.0,1.0,1.0
C1294,25.0,1.0,2.0,1.0,2412.0,0.0,1.0
C1296,22.0,1.0,3.0,1.0,975.0,1.0,0.0
C1297,61.0,0.0,3.0,1.0,2054.0,1.0,1.0
C1298,18.0,0.0,1.0,1.0,715.0,0.0,0.5487098472880464
C1299,55.0,0.0,5.0,0.0,1672.0,1.0,0.0
C1300,50.0,0.5968421052631578,1.0,0.0,4163.0,1.0,1.0
C1301,64.0,1.0,0.0,1.0,570.0,0.0,0.0
C1302,42.0,0.0,0.0,0.0,4064.0,1.0,1.0
C1303,21.0,1.0,0.0,0.0,2682.0,1.0,1.0
C1304,34.0,1.0,2.909952606635071,1.0,743.0,1.0,0.0
C1305,49.68667719852554,0.0,3.0,0.0,2469.0,1.0,0.0
C1306,50.0,0.0,2.0,0.0,3620.0,0.0,1.0
C1307,63.0,0.0,3.0,0.0,1239.0,0.0,0.0
C1308,49.68667719852554,0.5968421052631578,4.0,0.0,1674.0,0.0,0.0
C1309,51.0,1.0,2.0,1.0,2164.0,0.0,1.0
C0001,32.0,0.0,5.0,0.0,1546.0,1.0,0.0
C1311,51.0,0.0,5.0,1.0,3024.988947368421,0.6192733017377567,0.0
C1312,20.0,1.0,5.0,0.0,2906.0,1.0,1.0
C1313,42.0,0.0,4.0,1.0,1845.0,0.0,0.0
C1314,29.0,0.0,5.0,0.0,2311.0,1.0,0.0
C1315,32.0,1.0,1.0,0.5734597156398105,3024.988947368421,1.0,0.0
C1316,48.0,0.5968421052631578,1.0,1.0,3534.0,0.0,1.0
C1317,20.0,0.0,2.0,0.0,2635.0,0.0,1.0
C1318,21.0,1.0,2.0,1.0,3271.0,1.0,0.0
C1319,44.0,0.0,3.0,0.5734597156398105,2730.0,0.0,1.0
C1320,41.0,0.0,2.0,1.0,1838.0,0.0,0.0
C1321,43.0,0.0,1.0,1.0,545.0,0.0,0.0
C1322,62.0,0.0,0.0,0.0,4680.0,1.0,1.0
C1323,22.0,0.0,1.0,0.0,3436.0,1.0,0.0
C1325,53.0,0.5968421052631578,1.0,0.0,3162.0,1.0,0.0
C1326,49.68667719852554,1.0,5.0,0.0,3883.0,0.0,1.0
C1327,23.0,0.0,0.0,0.0,3940.0,0.0,0.0
C1328,22.0,1.0,5.0,0.0,3836.0,1.0,1.0
C1329,57.0,0.0,3.0,0.5734597156398105,1623.0,0.6192733017377567,0.0
C1330,58.0,0.0,5.0,0.0,2887.0,1.0,1.0
C1331,40.0,0.0,2.0,0.0,3412.0,0.0,1.0
C1332,55.0,1.0,1.0,0.0,2005.0,0.0,0.0
C1333,60.0,0.5968421052631578,1.0,0.0,2116.0,1.0,0.5487098472880464
C1335,39.0,0.0,5.0,1.0,3115.0,1.0,1.0
C1336,42.0,0.0,1.0,0.0,3024.988947368421,1.0,0.0
C1337,48.0,1.0,5.0,1.0,1805.0,0.0,0.0
C1338,43.0,1.0,2.0,1.0,1557.0,0.0,0.0
C1339,51.0,1.0,4.0,0.0,3001.0,0.0,1.0
C1340,62.0,1.0,0.0,1.0,2893.0,0.0,0.0
C1341,38.0,1.0,3.0,0.0,4236.0,1.0,1.0
C1342,21.0,0.5968421052631578,1.0,0.0,3773.0,0.6192733017377567,1.0
C1343,23.0,1.0,5.0,0.0,1870.0,1.0,1.0
C1344,35.0,1.0,1.0,0.0,3482.0,1.0,1.0
C1345,46.0,1.0,2.0,0.0,1844.0,0.6192733017377567,0.5487098472880464
C1346,49.68667719852554,1.0,4.0,0.0,1904.0,0.0,0.0
C1347,19.0,0.0,1.0,1.0,1023.0,0.0,0.0
C1348,60.0,0.0,5.0,0.0,1845.0,0.0,0.0
C1350,35.0,1.0,3.0,0.0,1121.0,1.0,0.0
C0001,22.0,0.0,2.909952606635071,1.0,2613.0,1.0,0.0
C1353,58.0,1.0,5.0,0.0,3896.0,1.0,1.0
C1354,58.0,1.0,1.0,1.0,2393.0,1.0,0.0
C1355,24.0,1.0,3.0,1.0,3155.0,1.0,1.0
C1356,33.0,0.0,3.0,1.0,2619.0,1.0,1.0
C1357,55.0,0.0,3.0,0.5734597156398105,2814.0,0.0,1.0
C1358,38.0,1.0,5.0,0.0,4151.0,0.0,1.0
C1359,41.0,1.0,3.0,0.0,2098.0,0.0,0.0
C1360,24.0,1.0,5.0,0.0,3024.988947368421,0.0,0.0
C1361,57.0,1.0,5.0,0.0,2398.0,0.0,1.0
C1362,23.0,0.0,2.0,1.0,2104.0,0.0,1.0
C1363,42.0,0.0,2.0,1.0,917.0,1.0,0.0
C1364,40.0,0.0,2.0,1.0,2845.0,0.0,1.0
C1365,45.0,1.0,2.0,0.0,965.0,0.0,0.0
C1366,52.0,1.0,0.0,0.0,3018.0,0.0,1.0
C1367,29.0,0.0,1.0,0.0,1916.0,1.0,0.0
C1368,24.0,0.0,0.0,0.0,2678.0,1.0,1.0
C1369,23.0,1.0,2.0,0.0,2354.0,0.0,0.0
C0001,18.0,0.0,2.0,0.0,3166.0,0.6192733017377567,0.0
C1371,62.0,0.5968421052631578,4.0,0.0,2099.0,1.0,0.0
C1372,55.0,1.0,2.0,1.0,2601.0,1.0,1.0
C1373,35.0,1.0,1.0,1.0,1919.0,1.0,1.0
C1374,36.0,1.0,0.0,0.0,3306.0,0.0,1.0
C1375,49.0,1.0,3.0,1.0,2408.0,0.6192733017377567,0.0
C1376,23.0,1.0,0.0,1.0,3084.0,0.0,1.0
C1378,24.0,0.0,4.0,1.0,3861.0,0.0,1.0
C1380,32.0,0.0,4.0,0.0,1548.0,1.0,0.0
C1381,56.0,0.0,3.0,1.0,1648.0,0.0,0.0
C0001,63.0,1.0,4.0,0.0,3024.988947368421,0.0,1.0
C1383,38.0,1.0,3.0,1.0,2881.0,1.0,1.0
C1384,58.0,0.0,5.0,0.0,2925.0,0.0,1.0
C1385,64.0,0.0,3.0,0.5734597156398105,3344.0,0.0,1.0
C1386,28.0,1.0,4.0,0.0,3529.0,0.0,1.0
C1387,32.0,0.0,0.0,1.0,4168.0,1.0,1.0
C1388,42.0,1.0,5.0,0.0,1571.0,0.0,0.0
C1389,38.0,0.0,1.0,1.0,2738.0,1.0,0.0
C1390,54.0,1.0,4.0,1.0,4190.0,1.0,1.0
C1391,31.0,1.0,4.0,0.0,2282.0,0.0,1.0
C1392,25.0,0.5968421052631578,2.0,0.0,2598.0,0.0,1.0
C1393,53.0,0.0,1.0,0.0,1792.0,0.0,0.0
C1394,22.0,1.0,2.909952606635071,0.0,2197.0,0.6192733017377567,0.0
C1395,49.68667719852554,0.0,5.0,1.0,2676.0,1.0,0.0
C1396,21.0,0.0,0.0,0.0,2027.0,1.0,0.0
C1397,63.0,0.0,3.0,0.0,3585.0,0.0,1.0
C1398,34.0,1.0,1.0,1.0,3569.0,1.0,1.0
C1400,60.0,0.0,0.0,1.0,3024.988947368421,1.0,1.0
C1401,35.0,1.0,0.0,0.0,3803.0,1.0,1.0
C1402,26.0,0.0,5.0,1.0,3023.0,0.0,1.0
C1403,44.0,1.0,1.0,0.0,1586.0,0.6192733017377567,0.0
C1404,59.0,1.0,1.0,0.0,2444.0,1.0,0.5487098472880464
C1405,28.0,1.0,0.0,0.0,2302.0,1.0,1.0
C1406,24.0,0.0,0.0,0.0,4199.0,0.0,0.0
C0001,45.0,0.0,3.0,0.0,2458.0,1.0,1.0
C1408,63.0,1.0,4.0,1.0,2612.0,0.0,1.0
C1409,43.0,1.0,3.0,0.0,1221.0,1.0,0.0
C1410,44.0,1.0,5.0,0.0,2789.0,1.0,1.0
C1411,46.0,0.0,4.0,0.0,3767.0,0.6192733017377567,1.0
C1412,55.0,0.0,0.0,0.0,2711.0,1.0,0.0
C1413,23.0,0.0,4.0,1.0,1203.0,1.0,0.0
C1414,22.0,0.0,0.0,1.0,3024.988947368421,0.0,0.0
C1415,45.0,0.0,4.0,0.0,1026.0,0.0,0.0
C1416,36.0,1.0,1.0,0.0,3024.988947368421,0.0,0.0
C1417,30.0,1.0,5.0,0.0,1036.0,1.0,0.5487098472880464
C1418,49.68667719852554,0.0,3.0,1.0,2488.0,0.0,0.0
C1419,36.0,0.5968421052631578,2.0,1.0,4531.0,1.0,1.0
C1420,53.0,1.0,2.0,1.0,2873.0,0.0,0.0
C1421,50.0,0.0,5.0,1.0,4023.0,1.0,1.0
C1422,45.0,1.0,1.0,1.0,2368.0,0.0,1.0
C1423,27.0,1.0,1.0,0.0,2245.0,0.0,0.0
C1424,29.0,0.0,2.909952606635071,0.0,2549.0,1.0,0.0
C1425,43.0,1.0,2.909952606635071,0.5734597156398105,2917.0,1.0,0.0
C1426,57.0,0.0,0.0,0.0,2332.0,1.0,1.0
C1427,45.0,0.5968421052631578,2.0,0.0,2369.0,0.0,1.0
C1428,26.0,0.0,1.0,1.0,4382.0,0.6192733017377567,1.0
C1429,42.0,1.0,3.0,1.0,3457.0,0.0,1.0
C1430,48.0,1.0,4.0,0.0,2524.0,0.0,1.0
C1431,25.0,0.0,2.909952606635071,1.0,2172.0,0.0,0.0
C1432,60.0,1.0,5.0,0.5734597156398105,2360.0,0.0,0.0
C1433,28.0,1.0,2.0,1.0,2085.0,1.0,1.0
C1434,25.0,0.0,2.909952606635071,0.0,3268.0,0.0,0.0
C1435,32.0,0.0,1.0,1.0,760.0,1.0,0.0
C1436,54.0,1.0,5.0,1.0,1732.0,0.6192733017377567,0.0
C1437,49.68667719852554,1.0,2.0,0.0,3210.0,1.0,1.0
C1438,29.0,0.5968421052631578,2.0,1.0,1899.0,0.0,0.0
C1439,28.0,0.0,3.0,1.0,1761.0,0.0,0.0
C1440,56.0,1.0,0.0,0.0,2477.0,0.0,1.0
C1441,63.0,0.0,1.0,1.0,2745.0,1.0,1.0
C1442,29.0,0.0,4.0,1.0,2248.0,0.0,0.0
C1443,23.0,0.0,2.0,0.0,2590.0,1.0,1.0
C1444,58.0,1.0,4.0,1.0,4455.0,0.0,1.0
C0001,59.0,1.0,3.0,0.0,2994.0,0.0,1.0
C1446,46.0,1.0,2.0,0.0,2755.0,1.0,0.0
C1447,63.0,0.0,5.0,0.0,2756.0,1.0,1.0
C1448,33.0,0.0,0.0,0.0,2459.0,0.0,0.0
C1449,58.0,1.0,1.0,0.0,3584.0,0.0,1.0
C1450,30.0,1.0,0.0,1.0,2441.0,0.0,0.0
C1452,56.0,0.0,3.0,1.0,1508.0,1.0,0.0
C1453,56.0,0.0,5.0,1.0,3292.0,0.0,1.0
C1454,50.0,1.0,2.0,0.0,3024.988947368421,1.0,0.0
C1455,27.0,1.0,0.0,1.0,3879.0,0.0,1.0
C1456,27.0,0.0,5.0,0.0,2898.0,0.0,0.0
C1457,38.0,1.0,2.0,1.0,1475.0,0.6192733017377567,0.0
C1458,45.0,1.0,3.0,0.0,3086.0,0.0,1.0
C1459,51.0,0.0,2.909952606635071,0.5734597156398105,3511.0,0.0,1.0
C1460,48.0,1.0,3.0,1.0,1821.0,0.0,0.0
C1461,34.0,1.0,0.0,0.0,2000.0,0.0,0.0
C1462,37.0,0.0,0.0,1.0,3292.0,1.0,1.0
C1463,63.0,0.0,4.0,1.0,3102.0,1.0,1.0
C1464,55.0,0.0,0.0,0.0,1637.0,0.6192733017377567,0.0
C1465,27.0,1.0,3.0,1.0,3024.988947368421,0.0,0.0
C1466,24.0,1.0,10.0,1.0,2682.0,0.0,1.0
C1467,34.0,0.0,0.0,0.0,1795.0,1.0,1.0
C0001,33.0,0.0,0.0,0.0,1586.0,1.0,0.0
C1469,52.0,0.0,0.0,0.0,3971.0,0.0,1.0
C1470,42.0,1.0,2.0,0.0,2454.0,0.6192733017377567,0.0
C1471,33.0,1.0,5.0,0.5734597156398105,2439.0,1.0,1.0
C1472,49.68667719852554,1.0,4.0,0.5734597156398105,1928.0,1.0,0.0
C1474,21.0,0.5968421052631578,0.0,1.0,3528.0,1.0,1.0
C1475,32.0,0.0,2.909952606635071,0.0,769.0,1.0,1.0
C1476,57.0,0.0,4.0,0.5734597156398105,4133.0,1.0,1.0
C1477,46.0,0.0,4.0,0.0,3341.0,1.0,1.0
C1478,43.0,1.0,3.0,1.0,1302.0,1.0,0.0
C1479,22.0,1.0,1.0,1.0,931.0,1.0,0.0
C1480,62.0,0.0,2.0,1.0,2879.0,0.0,0.0
C1481,41.0,1.0,4.0,0.0,1811.0,1.0,1.0
C1482,50.0,0.0,1.0,0.0,3243.0,0.0,1.0
C1483,37.0,1.0,0.0,1.0,1757.0,0.0,0.0
C1484,31.0,0.0,4.0,0.0,3776.0,0.6192733017377567,0.0
C0001,43.0,1.0,1.0,0.0,2302.0,0.0,0.0
C1486,38.0,0.0,2.0,1.0,1474.0,0.0,0.0
C1487,35.0,1.0,1.0,0.0,2610.0,1.0,0.0
C1488,55.0,1.0,2.0,1.0,1172.0,1.0,0.0
C1489,55.0,0.0,2.0,0.0,1593.0,1.0,0.0
C1490,26.0,0.0,3.0,0.0,3071.0,1.0,0.0
C1491,39.0,1.0,0.0,1.0,2944.0,0.0,1.0
C1492,57.0,1.0,3.0,0.0,3574.0,0.0,1.0
C1493,42.0,0.0,2.0,0.0,3189.0,0.0,1.0
C1495,40.0,0.0,2.0,1.0,2224.0,0.0,0.0
C1496,56.0,0.0,4.0,1.0,2337.0,0.0,1.0
C1497,24.0,1.0,2.909952606635071,1.0,796.0,1.0,0.0
C1498,62.0,0.5968421052631578,2.0,1.0,1500.0,0.0,1.0
C1499,30.0,0.0,5.0,1.0,1070.0,1.0,0.0
C1500,29.0,1.0,0.0,1.0,3067.0,0.0,1.0
C1501,29.0,1.0,3.0,1.0,1941.0,0.0,0.0
C1502,19.0,1.0,2.0,1.0,2298.0,1.0,0.0
C1503,53.0,0.0,2.0,0.0,4081.0,1.0,0.0
C0001,60.0,0.0,5.0,0.0,2619.0,0.6192733017377567,0.0
C1505,49.68667719852554,0.0,3.0,0.0,1721.0,1.0,0.0
C0001,19.0,1.0,1.0,1.0,1581.0,0.0,0.5487098472880464
C1507,46.0,0.0,5.0,0.0,1753.0,0.0,0.0
C1508,42.0,0.0,0.0,1.0,1978.0,1.0,0.0
C1509,24.0,1.0,0.0,0.0,4058.0,1.0,1.0
C1510,55.0,0.0,4.0,0.0,2020.0,0.0,1.0
C1511,18.0,0.0,5.0,0.0,1456.0,0.0,0.0
C1513,49.68667719852554,0.0,4.0,0.0,1507.0,1.0,0.0
C1514,57.0,1.0,2.0,1.0,3918.0,1.0,1.0
C1515,44.0,0.0,3.0,1.0,3024.988947368421,1.0,0.0
C1517,53.0,1.0,5.0,1.0,2632.0,0.0,1.0
C1518,54.0,0.0,1.0,1.0,4040.0,1.0,1.0
C1519,19.0,0.5968421052631578,1.0,0.0,3718.0,1.0,1.0
C1520,39.0,1.0,0.0,1.0,3011.0,1.0,1.0
C1521,55.0,0.0,0.0,1.0,2871.0,1.0,1.0
C1522,46.0,1.0,3.0,1.0,3785.0,0.0,1.0
C1523,24.0,1.0,2.0,0.0,4121.0,1.0,1.0
C1524,54.0,0.0,0.0,0.0,977.0,1.0,0.0
C1526,41.0,1.0,3.0,0.0,1072.0,1.0,0.0
C1527,32.0,1.0,2.909952606635071,0.5734597156398105,3032.0,0.0,0.0
C1528,26.0,1.0,2.0,0.0,4348.0,1.0,1.0
C1529,47.0,1.0,2.909952606635071,0.0,2423.0,1.0,1.0
C1531,29.0,0.0,4.0,1.0,3022.0,0.6192733017377567,0.0
C1533,59.0,0.0,3.0,1.0,2321.0,0.0,0.0
C1534,40.0,0.0,5.0,1.0,3165.0,1.0,0.0
C1535,28.0,1.0,1.0,1.0,1756.0,0.0,0.0
C1536,62.0,0.0,2.0,0.0,2758.0,0.0,1.0
C1537,46.0,1.0,2.0,0.0,2374.0,0.0,0.0
C1538,55.0,0.0,0.0,0.0,2544.0,1.0,1.0
C1539,54.0,1.0,4.0,0.0,3232.0,0.0,0.0
C1540,38.0,1.0,0.0,1.0,3383.0,0.0,1.0
C0001,35.0,0.0,2.909952606635071,1.0,3063.0,1.0,1.0
C1542,37.0,1.0,1.0,1.0,3443.0,1.0,1.0
C1543,51.0,0.0,0.0,0.0,4249.0,1.0,1.0
C1544,25.0,0.0,0.0,1.0,3870.0,0.6192733017377567,1.0
C1545,44.0,0.0,5.0,1.0,893.0,1.0,0.0
C1546,43.0,0.0,3.0,1.0,3330.0,1.0,1.0
C1547,61.0,1.0,3.0,0.0,2298.0,1.0,1.0
C1548,56.0,1.0,1.0,1.0,2649.0,1.0,0.5487098472880464
C1549,54.0,0.0,5.0,1.0,2480.0,1.0,0.0
C1550,35.0,0.0,2.909952606635071,1.0,1943.0,1.0,0.0
C1551,30.0,1.0,4.0,0.0,3004.0,1.0,1.0
C1552,63.0,0.0,4.0,1.0,1915.0,1.0,1.0
C1553,19.0,1.0,5.0,1.0,3709.0,0.0,1.0
C1554,60.0,0.0,0.0,0.5734597156398105,2013.0,1.0,1.0
C1555,33.0,0.0,2.909952606635071,0.0,1443.0,1.0,0.0
C1557,40.0,1.0,5.0,0.0,2748.0,1.0,1.0
C1558,29.0,0.0,2.0,0.0,2450.0,0.0,0.0
C1559,43.0,0.0,5.0,0.0,4394.0,1.0,1.0
C1560,40.0,1.0,1.0,1.0,2426.0,0.0,1.0
C1561,26.0,0.0,3.0,1.0,2977.0,0.0,1.0
C1562,46.0,1.0,2.0,0.0,1799.0,0.0,1.0
C1563,41.0,1.0,5.0,0.0,2372.0,0.0,1.0
C1564,30.0,0.0,3.0,0.0,2859.0,0.0,0.0
C1565,49.68667719852554,0.0,3.0,0.0,3854.0,1.0,0.0
C0001,29.0,0.0,0.0,1.0,2062.0,1.0,0.0
C1567,29.0,0.0,2.0,0.0,2821.0,1.0,1.0
C1569,45.0,1.0,2.0,0.0,2517.0,0.0,1.0
C1570,20.0,1.0,5.0,0.0,2575.0,0.0,0.5487098472880464
C1571,25.0,1.0,4.0,1.0,3948.0,0.0,1.0
C1572,27.0,1.0,0.0,0.0,3960.0,0.0,1.0
C1573,44.0,0.0,4.0,1.0,3579.0,1.0,1.0
C1574,48.0,0.0,3.0,0.0,1274.0,1.0,1.0
C1575,21.0,0.0,1.0,1.0,2538.0,1.0,0.0
C1577,54.0,1.0,2.0,0.0,2585.0,0.0,1.0
C1578,50.0,1.0,3.0,0.0,2612.0,1.0,0.0
C1580,39.0,1.0,3.0,0.0,1939.0,0.0,0.0
C1581,25.0,0.5968421052631578,0.0,1.0,3077.0,0.0,1.0
C1583,49.68667719852554,0.0,10.0,0.0,610.0,0.0,0.5487098472880464
C1584,46.0,1.0,3.0,1.0,2315.0,0.0,0.0
C1587,50.0,0.0,3.0,1.0,2164.0,1.0,0.0
C1588,20.0,1.0,3.0,0.0,2738.0,0.0,1.0
C1589,20.0,0.0,2.0,1.0,3152.0,1.0,1.0
C0001,38.0,1.0,2.0,1.0,2586.0,0.0,1.0
C1591,37.0,0.0,2.0,1.0,1495.0,1.0,0.0
C1592,22.0,0.0,5.0,1.0,4157.0,1.0,1.0
C1594,24.0,0.0,3.0,1.0,2007.0,1.0,0.0
C1595,33.0,1.0,0.0,0.0,2419.0,1.0,1.0
C0001,54.0,1.0,5.0,0.0,1286.0,0.0,0.0
C1597,34.0,1.0,2.909952606635071,0.0,983.0,1.0,0.0
C1598,56.0,0.0,3.0,1.0,2873.0,1.0,1.0
C1599,46.0,0.0,0.0,1.0,1325.0,0.6192733017377567,0.0
C1600,55.0,0.0,3.0,0.0,3776.0,1.0,1.0
C1601,59.0,1.0,3.0,0.0,2147.0,1.0,0.0
C1602,47.0,0.0,3.0,0.0,3027.0,0.0,1.0
C1603,24.0,1.0,5.0,0.0,3024.988947368421,1.0,0.0
C1604,45.0,0.0,3.0,1.0,1770.0,0.0,0.0
C1605,61.0,1.0,4.0,0.0,2775.0,0.0,1.0
C1606,54.0,1.0,4.0,0.5734597156398105,2737.0,1.0,0.0
C1607,41.0,1.0,0.0,1.0,2544.0,1.0,0.0
C1608,64.0,1.0,1.0,0.0,1670.0,0.0,0.0
C1609,52.0,1.0,1.0,0.0,3094.0,0.0,1.0
C1610,29.0,1.0,0.0,1.0,1341.0,0.0,0.0
C1611,34.0,0.0,4.0,0.0,3445.0,0.0,1.0
C1612,20.0,1.0,2.0,0.0,3226.0,1.0,0.0
C1613,21.0,1.0,3.0,1.0,4090.0,1.0,1.0
C1615,60.0,0.0,4.0,0.0,2610.0,1.0,0.0
C1616,46.0,0.0,3.0,0.0,2408.0,1.0,0.0
C1617,62.0,1.0,4.0,1.0,2491.0,0.6192733017377567,0.0
C1618,20.0,1.0,0.0,1.0,3024.988947368421,0.0,0.0
C1619,29.0,0.0,4.0,0.0,2600.0,0.0,1.0
C1620,59.0,1.0,0.0,1.0,1017.0,0.0,0.0
C1621,55.0,1.0,2.909952606635071,0.0,1453.0,0.0,1.0
C1622,34.0,1.0,0.0,0.0,2129.0,1.0,1.0
C1623,42.0,1.0,2.909952606635071,1.0,3785.0,0.0,1.0
C1625,55.0,1.0,2.0,1.0,2539.0,1.0,0.0
C1626,40.0,0.0,0.0,1.0,3852.0,0.0,1.0
C1627,21.0,1.0,2.0,1.0,1717.0,1.0,0.0
C1628,55.0,0.0,0.0,1.0,3352.0,1.0,1.0
C1629,38.0,0.5968421052631578,2.0,0.0,3024.988947368421,0.0,0.0
C1630,51.0,0.0,0.0,0.0,2654.0,1.0,1.0
C1631,26.0,1.0,4.0,0.0,3345.0,0.0,1.0
C1632,49.68667719852554,1.0,2.0,0.0,870.0,0.0,0.0
C1633,57.0,0.0,5.0,1.0,3024.988947368421,1.0,1.0
C1634,56.0,1.0,3.0,0.0,2029.0,1.0,1.0
C1635,47.0,0.0,1.0,1.0,3080.0,0.0,1.0
C1636,62.0,0.0,3.0,1.0,3077.0,0.0,1.0
C1637,27.0,1.0,5.0,1.0,3609.0,1.0,1.0
C1638,18.0,1.0,2.0,1.0,3024.988947368421,1.0,0.0
C1639,39.0,0.0,5.0,0.0,3024.988947368421,1.0,0.0
C1640,19.0,1.0,5.0,1.0,2585.0,0.0,0.0
C1641,61.0,1.0,3.0,0.0,3274.0,0.0,0.5487098472880464
C1642,54.0,1.0,2.0,0.0,1526.0,1.0,0.0
C1643,38.0,0.0,5.0,0.0,3237.0,0.0,0.0
C1644,33.0,1.0,5.0,0.0,1918.0,0.0,0.0
C1645,32.0,0.0,0.0,1.0,1419.0,1.0,1.0
C1646,43.0,0.0,2.0,0.0,3555.0,0.0,1.0
C1647,41.0,1.0,0.0,0.0,2174.0,1.0,0.0
C1648,51.0,0.0,5.0,1.0,3559.0,0.0,1.0
C1649,27.0,0.0,2.0,0.0,3007.0,1.0,1.0
C1650,25.0,1.0,3.0,0.0,1580.0,0.0,1.0
C1651,22.0,0.0,0.0,0.0,2545.0,1.0,0.5487098472880464
C1652,52.0,0.0,0.0,1.0,1093.0,0.6192733017377567,0.0
C1653,29.0,1.0,4.0,0.0,2565.0,0.0,1.0
C0001,48.0,1.0,0.0,0.5734597156398105,1948.0,0.0,1.0
C1655,64.0,1.0,1.0,1.0,1727.0,0.0,1.0
C1656,55.0,1.0,0.0,1.0,2674.0,1.0,1.0
C1658,28.0,1.0,1.0,1.0,2536.0,0.0,0.0
C1659,50.0,1.0,1.0,0.0,1940.0,1.0,0.0
C1660,23.0,1.0,4.0,1.0,622.0,1.0,1.0
C1661,63.0,1.0,1.0,0.0,2652.0,1.0,1.0
C1662,46.0,0.0,3.0,1.0,3024.988947368421,1.0,1.0
C1663,43.0,0.0,5.0,0.0,2981.0,0.0,0.5487098472880464
C1664,26.0,0.0,5.0,1.0,2657.0,1.0,1.0
C1665,39.0,1.0,0.0,0.0,2217.0,0.0,0.0
C1666,25.0,1.0,0.0,0.0,2633.0,1.0,0.0
C1667,22.0,0.0,3.0,1.0,3458.0,0.0,1.0
C1668,55.0,1.0,4.0,0.0,1814.0,1.0,0.0
C1671,31.0,0.5968421052631578,5.0,1.0,2251.0,1.0,1.0
C1672,46.0,1.0,5.0,0.0,2258.0,0.0,0.0
C1673,52.0,0.0,5.0,1.0,4191.0,0.0,0.0
C1674,43.0,1.0,5.0,0.0,1920.0,0.0,1.0
C1675,56.0,0.0,0.0,0.0,1023.0,1.0,0.0
C1676,26.0,0.0,4.0,0.0,2604.0,0.0,0.0
C1677,54.0,1.0,5.0,0.5734597156398105,1952.0,1.0,0.0
C1678,55.0,1.0,5.0,1.0,2584.0,0.0,1.0
C0001,55.0,0.0,0.0,1.0,2321.0,1.0,0.0
C1680,32.0,0.0,1.0,0.0,3295.0,1.0,1.0
C1681,49.68667719852554,1.0,3.0,1.0,1749.0,0.0,1.0
C1682,54.0,1.0,3.0,1.0,3213.0,0.0,0.0
C1684,46.0,0.0,2.0,1.0,3284.0,1.0,0.5487098472880464
C1685,48.0,0.0,2.0,1.0,1022.0,0.0,1.0
C1686,37.0,1.0,0.0,0.0,2525.0,0.0,1.0
C1688,45.0,0.0,2.909952606635071,1.0,4100.0,1.0,0.0
C1689,49.68667719852554,0.0,4.0,0.0,2545.0,0.6192733017377567,1.0
C1690,47.0,0.0,2.0,1.0,1942.0,1.0,0.0
C1691,28.0,0.0,1.0,0.0,2000.0,1.0,0.0
C1692,56.0,0.0,5.0,1.0,612.0,0.0,0.0
C1693,24.0,1.0,0.0,0.0,3522.0,1.0,1.0
C1694,22.0,1.0,2.0,0.0,4075.0,0.0,1.0
C1695,57.0,0.0,3.0,1.0,1239.0,1.0,0.0
C1696,26.0,0.0,4.0,0.0,3249.0,0.0,1.0
C1698,63.0,1.0,1.0,1.0,3360.0,0.0,1.0
C0001,32.0,0.0,4.0,0.0,3024.988947368421,0.0,0.0
C1700,21.0,1.0,3.0,1.0,2483.0,0.0,1.0
C1701,61.0,1.0,0.0,1.0,1522.0,1.0,0.0
C0001,46.0,0.0,1.0,1.0,2096.0,1.0,0.0
C1703,32.0,1.0,5.0,0.0,2146.0,0.0,0.0
C1704,55.0,1.0,0.0,0.0,3242.0,0.0,1.0
C1705,43.0,0.0,0.0,0.0,3019.0,0.0,1.0
C1706,23.0,1.0,2.0,0.0,1074.0,0.0,1.0
C1707,18.0,1.0,3.0,0.0,2069.0,0.6192733017377567,0.0
C1708,45.0,0.0,2.909952606635071,1.0,2456.0,1.0,1.0
C0001,34.0,1.0,1.0,0.0,1344.0,0.0,0.0
C1711,62.0,1.0,0.0,0.0,2337.0,1.0,0.0
C1712,44.0,0.0,4.0,1.0,2003.0,0.0,1.0
C1713,28.0,1.0,5.0,0.0,3120.0,1.0,0.0
C1716,37.0,0.0,5.0,1.0,2630.0,0.0,0.0
C1717,64.0,0.0,5.0,0.0,2138.0,1.0,0.5487098472880464
C1718,25.0,1.0,4.0,0.0,2677.0,0.0,1.0
C1719,26.0,0.0,5.0,0.0,1509.0,0.0,0.0
C1720,58.0,0.0,0.0,0.0,3305.0,0.0,0.5487098472880464
C1721,46.0,0.0,5.0,1.0,4244.0,0.0,1.0
C1722,57.0,0.0,0.0,1.0,1222.0,0.0,0.0
C1723,41.0,1.0,1.0,1.0,2076.0,0.0,1.0
C1724,63.0,0.0,1.0,0.0,2116.0,1.0,0.0
C1725,42.0,1.0,4.0,1.0,1877.0,0.6192733017377567,0.0
C1726,31.0,0.0,2.0,0.0,2984.0,1.0,0.0
C1727,30.0,0.0,5.0,0.0,2876.0,1.0,1.0
C1728,34.0,0.0,5.0,0.0,4118.0,1.0,1.0
C1729,23.0,1.0,5.0,1.0,2859.0,1.0,0.0
C1730,26.0,0.0,0.0,1.0,3285.0,0.0,1.0
C1731,49.0,1.0,4.0,1.0,3355.0,0.0,1.0
C0001,40.0,0.0,0.0,0.0,3975.0,0.0,0.0
C1733,21.0,1.0,0.0,1.0,2966.0,0.0,0.0
C0001,37.0,0.0,1.0,1.0,4507.0,1.0,1.0
C1735,39.0,0.0,2.0,0.0,3742.0,1.0,1.0
C1736,54.0,1.0,0.0,0.5734597156398105,2733.0,0.0,0.5487098472880464
C1737,20.0,0.0,10.0,0.0,2473.0,1.0,0.0
C1738,49.68667719852554,1.0,2.0,1.0,2713.0,1.0,1.0
C1739,37.0,0.0,4.0,0.0,3404.0,0.6192733017377567,1.0
C1740,32.0,0.0,3.0,0.0,1985.0,1.0,0.0
C1741,33.0,0.0,3.0,1.0,2504.0,1.0,0.0
C1742,48.0,0.0,3.0,1.0,1122.0,0.0,0.5487098472880464
C1743,49.0,1.0,5.0,0.0,3024.988947368421,0.0,1.0
C1744,36.0,1.0,5.0,1.0,2012.0,0.0,0.0
C1746,61.0,1.0,5.0,1.0,3362.0,1.0,0.5487098472880464
C1747,21.0,1.0,2.0,0.0,1058.0,0.0,1.0
C1748,40.0,0.0,5.0,1.0,1170.0,0.0,0.0
C1749,48.0,1.0,3.0,1.0,3024.988947368421,1.0,0.0
C1750,49.68667719852554,0.0,2.909952606635071,0.0,2647.0,1.0,0.0
C1751,34.0,0.0,1.0,0.5734597156398105,2230.0,1.0,1.0
C1752,54.0,1.0,2.0,0.0,2107.0,0.0,0.0
C1753,54.0,0.0,0.0,0.0,1776.0,0.6192733017377567,0.0
C1754,28.0,1.0,0.0,0.0,2014.0,0.0,0.0
C1755,37.0,0.0,0.0,1.0,1714.0,1.0,0.0
C1756,32.0,1.0,5.0,0.0,3024.988947368421,1.0,1.0
C1757,26.0,0.5968421052631578,1.0,0.0,2812.0,0.0,1.0
C1758,23.0,1.0,0.0,1.0,1515.0,1.0,0.0
C1759,46.0,0.0,1.0,0.0,2713.0,1.0,1.0
C1760,33.0,1.0,4.0,1.0,2542.0,1.0,0.0
C1761,49.68667719852554,0.0,1.0,0.0,3024.988947368421,0.0,0.0
C1762,54.0,0.0,2.0,1.0,3076.0,1.0,0.0
C1763,21.0,0.0,0.0,0.0,2684.0,1.0,0.0
C0001,28.0,1.0,0.0,0.0,3008.0,1.0,1.0
C1765,30.0,1.0,1.0,0.0,1772.0,1.0,0.0
C1766,35.0,0.0,4.0,0.0,750.0,0.0,0.0
C1767,31.0,1.0,3.0,0.0,3217.0,0.0,0.0
C0001,21.0,0.0,1.0,1.0,3024.988947368421,1.0,1.0
C1769,63.0,0.0,4.0,1.0,2605.0,0.6192733017377567,0.0
C1770,61.0,0.0,3.0,0.0,3584.0,0.0,1.0
C1771,44.0,0.0,0.0,1.0,1124.0,1.0,0.0
C1772,28.0,0.0,4.0,0.0,2676.0,0.0,1.0
C1773,31.0,1.0,0.0,0.0,2268.0,0.0,1.0
C1774,25.0,0.0,4.0,1.0,1782.0,0.0,0.0
C1775,46.0,1.0,0.0,0.0,2265.0,1.0,1.0
C1776,24.0,0.5968421052631578,4.0,0.0,3190.0,1.0,0.0
C1777,40.0,1.0,2.0,0.0,3024.988947368421,0.0,0.0
C1778,33.0,0.0,2.0,1.0,683.0,0.0,0.0
C1779,18.0,0.0,2.909952606635071,0.0,1223.0,1.0,0.0
C1780,47.0,0.0,1.0,0.0,1457.0,0.0,0.0
C1781,43.0,1.0,5.0,0.5734597156398105,1908.0,0.0,1.0
C1783,47.0,1.0,5.0,1.0,1103.0,1.0,1.0
C1784,41.0,0.0,1.0,0.0,4043.0,1.0,1.0
C1785,20.0,0.0,4.0,0.0,4218.0,0.0,1.0
C1786,22.0,0.0,4.0,1.0,3993.0,1.0,1.0
C1788,41.0,0.0,4.0,0.0,2573.0,0.0,0.5487098472880464
C1789,45.0,0.0,0.0,0.0,3365.0,0.0,0.0
C1790,50.0,0.0,5.0,0.0,2994.0,0.0,1.0
C1791,55.0,0.0,4.0,0.0,3057.0,0.6192733017377567,0.0
C1792,26.0,1.0,4.0,1.0,3530.0,1.0,1.0
C1793,38.0,1.0,1.0,1.0,2770.0,0.0,1.0
C0001,60.0,0.0,4.0,1.0,2324.0,1.0,0.0
C1795,52.0,1.0,1.0,0.0,1207.0,0.0,0.0
C1796,42.0,0.0,1.0,0.0,2041.0,1.0,1.0
C1797,18.0,1.0,0.0,1.0,1401.0,0.0,0.0
C1798,36.0,1.0,0.0,1.0,3875.0,1.0,1.0
C1799,23.0,1.0,4.0,0.0,1858.0,0.0,1.0
C1800,38.0,1.0,4.0,1.0,2331.0,0.0,1.0
C1801,46.0,1.0,5.0,1.0,3363.0,1.0,0.0
C1802,48.0,0.0,10.0,1.0,2936.0,0.0,1.0
C1803,56.0,0.0,5.0,1.0,4043.0,1.0,1.0
C1805,23.0,1.0,1.0,0.0,3465.0,0.0,1.0
C1806,51.0,1.0,4.0,0.0,3771.0,1.0,1.0
C1807,56.0,1.0,2.909952606635071,1.0,2303.0,1.0,0.0
C1808,29.0,1.0,4.0,0.0,2861.0,0.0,0.5487098472880464
C1809,49.68667719852554,1.0,0.0,0.0,2822.0,1.0,0.0
C1810,56.0,0.0,2.0,1.0,1151.0,1.0,0.0
C1811,58.0,0.0,4.0,0.0,2789.0,1.0,0.5487098472880464
C1812,25.0,1.0,2.0,0.0,1648.0,1.0,0.0
C1813,30.0,0.0,4.0,1.0,2473.0,0.0,1.0
C0001,29.0,0.0,0.0,0.0,2213.0,1.0,1.0
C1816,19.0,0.0,1.0,1.0,4577.0,0.0,1.0
C1817,53.0,0.0,4.0,0.0,3100.0,0.0,1.0
C1818,18.0,0.0,2.0,0.0,3270.0,0.0,1.0
C1820,45.0,1.0,0.0,1.0,3201.0,1.0,0.0
C1821,53.0,0.0,5.0,1.0,2221.0,0.0,0.0
C0001,60.0,1.0,3.0,0.0,2449.0,1.0,0.0
C1824,19.0,1.0,4.0,1.0,3024.988947368421,0.0,1.0
C1825,36.0,1.0,3.0,0.0,989.0,1.0,0.0
C1826,37.0,1.0,0.0,1.0,2846.0,0.6192733017377567,0.0
C1827,56.0,0.0,4.0,1.0,827.0,0.0,1.0
C1828,27.0,1.0,0.0,1.0,2693.0,1.0,0.0
C1829,42.0,1.0,2.909952606635071,0.0,3271.0,0.0,0.5487098472880464
C1830,60.0,0.0,3.0,0.0,3703.0,1.0,1.0
C1831,47.0,0.0,1.0,0.0,3596.0,0.0,1.0
C1832,50.0,1.0,1.0,0.0,3024.988947368421,0.0,0.0
C1833,38.0,1.0,3.0,0.0,3634.0,1.0,1.0
C1834,36.0,1.0,3.0,1.0,3609.0,0.0,1.0
C1835,18.0,1.0,4.0,0.0,2543.0,0.0,1.0
C1836,49.68667719852554,1.0,0.0,0.0,2177.0,1.0,0.0
C1837,49.68667719852554,1.0,1.0,1.0,2098.0,1.0,0.0
C1838,61.0,0.0,3.0,0.0,2241.0,1.0,0.0
C1839,63.0,0.0,2.0,0.0,1419.0,0.0,0.0
C1840,23.0,0.0,1.0,1.0,3464.0,1.0,1.0
C1841,28.0,0.0,4.0,1.0,3504.0,0.0,1.0
C1842,49.68667719852554,0.0,5.0,0.0,1213.0,0.0,0.0
C1843,45.0,1.0,5.0,1.0,3894.0,1.0,1.0
C1845,49.68667719852554,0.0,5.0,0.0,683.0,0.0,0.0
C1846,49.68667719852554,1.0,3.0,0.0,2955.0,0.0,1.0
C1847,59.0,0.0,4.0,0.0,1029.0,1.0,0.0
C1849,18.0,0.0,0.0,0.0,3024.988947368421,1.0,1.0
C1850,24.0,0.0,5.0,0.0,4142.0,1.0,0.0
C1852,32.0,1.0,0.0,1.0,2329.0,1.0,0.0
C0001,35.0,1.0,1.0,1.0,3211.0,0.0,1.0
C1854,55.0,0.0,4.0,1.0,1708.0,1.0,1.0
C1855,21.0,1.0,4.0,0.0,1214.0,1.0,0.0
C1856,46.0,1.0,5.0,0.0,3131.0,1.0,1.0
C1857,43.0,0.5968421052631578,4.0,0.0,2940.0,0.0,0.0
C1858,45.0,0.5968421052631578,0.0,0.0,2127.0,1.0,0.0
C1860,44.0,1.0,5.0,0.0,3641.0,1.0,1.0
C0001,28.0,1.0,3.0,0.0,2113.0,1.0,1.0
C1862,50.0,0.0,2.0,1.0,2822.0,0.0,1.0
C1863,62.0,1.0,2.0,0.0,3044.0,1.0,1.0
C1864,19.0,0.0,1.0,1.0,2680.0,1.0,1.0
C1865,61.0,0.0,4.0,0.0,2465.0,0.0,0.0
C1866,54.0,0.0,5.0,0.0,3024.988947368421,0.0,1.0
C1867,51.0,0.0,4.0,0.5734597156398105,2420.0,0.0,1.0
C1868,30.0,1.0,3.0,0.0,1863.0,0.6192733017377567,0.0
C1869,25.0,1.0,1.0,0.0,1768.0,1.0,0.0
C1870,26.0,0.5968421052631578,2.909952606635071,1.0,1569.0,1.0,1.0
C0001,59.0,0.0,2.0,1.0,2651.0,1.0,0.0
C1873,60.0,0.0,5.0,1.0,1939.0,0.0,0.0
C1874,27.0,0.5968421052631578,0.0,0.0,1477.0,1.0,1.0
C1875,52.0,0.5968421052631578,0.0,0.0,1607.0,0.0,0.0
C1876,35.0,0.0,3.0,0.0,2591.0,0.0,0.0
C1877,59.0,0.0,0.0,0.0,2500.0,0.0,0.0
C1878,24.0,0.5968421052631578,4.0,0.0,3542.0,0.0,1.0
C1879,29.0,0.0,5.0,1.0,2492.0,1.0,1.0
C1880,49.68667719852554,1.0,0.0,0.0,2195.0,1.0,0.0
C1882,51.0,0.5968421052631578,4.0,1.0,1351.0,1.0,0.0
C1883,21.0,1.0,1.0,1.0,4017.0,0.0,1.0
C1884,41.0,0.0,5.0,1.0,1594.0,0.0,0.0
C1885,53.0,1.0,5.0,0.0,3113.0,1.0,1.0
C1886,23.0,0.0,1.0,0.0,2292.0,0.0,0.0
C1887,55.0,0.0,5.0,1.0,3579.0,0.0,0.5487098472880464
C1888,49.68667719852554,0.5968421052631578,1.0,0.0,2030.0,1.0,1.0
C0001,33.0,0.0,3.0,1.0,1783.0,0.0,0.0
C1891,57.0,0.5968421052631578,5.0,0.0,3860.0,0.6192733017377567,1.0
C1892,46.0,0.0,2.0,1.0,2465.0,1.0,0.0
C1893,32.0,0.0,2.0,0.5734597156398105,2019.0,1.0,1.0
C1894,26.0,1.0,1.0,0.0,3655.0,1.0,1.0
C1895,42.0,0.0,3.0,0.0,3024.988947368421,0.0,0.0
C1896,29.0,1.0,1.0,0.0,3684.0,1.0,1.0
C1897,200.0,0.0,3.0,0.0,1920.0,0.0,0.0
C1899,21.0,0.0,1.0,0.0,2711.0,1.0,1.0
C1900,63.0,0.0,3.0,1.0,2036.0,0.0,0.0
C1901,21.0,1.0,4.0,1.0,1962.0,0.0,1.0
C1902,30.0,1.0,2.0,1.0,723.0,0.0,0.0
C1904,45.0,0.0,0.0,0.0,1602.0,1.0,0.0
C0001,19.0,1.0,0.0,1.0,3708.0,0.0,0.5487098472880464
C1906,31.0,1.0,2.0,0.0,2104.0,0.0,0.0
C1907,55.0,1.0,1.0,1.0,2298.0,0.0,0.0
C1908,31.0,0.0,0.0,0.0,1507.0,1.0,0.0
C1909,25.0,0.0,5.0,0.0,3636.0,0.6192733017377567,1.0
C1910,25.0,1.0,3.0,1.0,2260.0,0.0,0.0
C0001,49.0,1.0,2.0,1.0,3822.0,0.0,0.5487098472880464
C1912,40.0,0.0,2.0,0.5734597156398105,2444.0,1.0,1.0
C1913,59.0,1.0,3.0,0.0,3468.0,0.0,1.0
C1914,32.0,0.0,2.0,1.0,2980.0,1.0,1.0
C1915,34.0,0.0,1.0,0.0,1236.0,0.0,0.0
C1916,38.0,0.0,5.0,0.0,1132.0,1.0,0.0
C1917,19.0,0.0,5.0,0.0,2793.0,0.0,1.0
C1918,50.0,1.0,1.0,1.0,2400.0,0.0,1.0
C1919,20.0,0.0,4.0,1.0,3024.988947368421,0.0,1.0
C1920,61.0,1.0,5.0,0.0,3587.0,1.0,1.0
C1921,34.0,0.0,2.0,0.0,1738.0,0.0,0.0
C1922,52.0,0.0,4.0,0.5734597156398105,2909.0,1.0,1.0
C1923,19.0,0.0,1.0,0.0,2119.0,0.0,0.0
C1924,57.0,0.0,5.0,1.0,3848.0,0.0,0.0
C1925,51.0,1.0,4.0,1.0,719.0,1.0,0.0
C1926,36.0,1.0,2.0,1.0,2306.0,0.0,0.0
C1927,53.0,0.0,3.0,1.0,1990.0,0.6192733017377567,1.0
C1928,39.0,1.0,1.0,1.0,2420.0,0.0,0.0
C1929,56.0,1.0,2.0,0.0,1733.0,0.6192733017377567,0.0
C1930,52.0,1.0,4.0,0.0,1549.0,1.0,0.0
C1931,52.0,1.0,2.909952606635071,1.0,764.0,0.0,0.5487098472880464
C1932,35.0,0.5968421052631578,3.0,0.0,3189.0,1.0,1.0
C1933,27.0,1.0,5.0,0.0,2506.0,1.0,1.0
C1934,57.0,1.0,4.0,0.5734597156398105,520.0,1.0,0.0
C1935,26.0,0.0,3.0,0.0,1081.0,0.0,0.0
C0001,48.0,1.0,3.0,1.0,1448.0,1.0,0.0
C1937,48.0,0.0,5.0,0.0,1929.0,0.0,1.0
C0001,39.0,0.0,4.0,1.0,3095.0,1.0,1.0
C1940,51.0,0.0,2.0,0.0,3275.0,1.0,1.0
C1941,40.0,0.0,1.0,1.0,2355.0,0.6192733017377567,0.0
C1942,55.0,0.5968421052631578,2.0,1.0,3293.0,0.0,0.0
C1943,29.0,0.0,3.0,0.0,2727.0,1.0,0.5487098472880464
C1944,40.0,1.0,0.0,0.0,3024.988947368421,1.0,0.0
C1945,49.68667719852554,0.0,5.0,1.0,2560.0,1.0,0.0
C1946,31.0,0.0,4.0,1.0,2234.0,1.0,0.5487098472880464
C1947,36.0,1.0,1.0,1.0,3006.0,0.0,1.0
C1948,39.0,1.0,5.0,1.0,3899.0,1.0,0.0
C1949,43.0,1.0,1.0,0.5734597156398105,2135.0,0.0,0.0
C1950,59.0,0.0,3.0,0.0,2986.0,0.0,1.0
C1951,55.0,0.0,2.0,0.0,1972.0,1.0,0.0
C1952,63.0,1.0,2.0,0.0,2926.0,1.0,0.0
C1953,26.0,1.0,2.0,1.0,3563.0,0.0,1.0
C1955,44.0,0.0,3.0,0.0,2712.0,1.0,1.0
C1956,31.0,0.0,1.0,1.0,2612.0,0.0,1.0
C0001,33.0,0.0,4.0,1.0,1365.0,1.0,0.0
C1958,45.0,1.0,0.0,1.0,2120.0,0.6192733017377567,1.0
C1960,31.0,0.0,3.0,0.0,3190.0,0.0,1.0
C1961,50.0,1.0,5.0,0.0,1513.0,1.0,0.0
C1962,30.0,0.0,3.0,0.0,1818.0,0.0,0.0
C1963,30.0,1.0,2.909952606635071,1.0,2970.0,0.0,0.5487098472880464
C1964,26.0,0.0,5.0,1.0,2481.0,1.0,1.0
C1965,19.0,1.0,0.0,0.0,4311.0,0.6192733017377567,1.0
C1966,24.0,0.0,0.0,0.0,3024.988947368421,1.0,1.0
C1967,36.0,1.0,2.909952606635071,0.0,3048.0,0.0,1.0
C1968,49.68667719852554,0.0,4.0,1.0,2059.0,0.0,0.0
C1969,46.0,0.0,4.0,0.0,1244.0,1.0,0.0
C1970,44.0,1.0,0.0,0.0,1361.0,0.0,1.0
C1971,49.68667719852554,1.0,5.0,0.0,2775.0,1.0,0.5487098472880464
C1972,58.0,1.0,3.0,1.0,663.0,0.0,0.0
C1973,59.0,0.5968421052631578,2.0,0.5734597156398105,1904.0,1.0,0.0
C1974,60.0,1.0,2.0,0.0,3024.988947368421,0.0,0.0
C1975,38.0,0.0,2.0,0.0,1887.0,1.0,0.0
C1976,25.0,1.0,2.0,0.0,621.0,1.0,0.0
C1977,64.0,1.0,5.0,1.0,2517.0,0.0,1.0
C1979,43.0,0.0,4.0,1.0,2398.0,0.0,0.0
C1980,49.68667719852554,0.0,3.0,1.0,4100.0,0.0,1.0
C1981,31.0,1.0,4.0,0.0,2970.0,1.0,1.0
C1982,52.0,1.0,3.0,0.0,2480.0,1.0,0.0
C1983,21.0,0.0,1.0,0.0,2482.0,1.0,0.0
C1984,23.0,0.0,1.0,1.0,2359.0,0.0,0.0
C1985,22.0,1.0,2.0,0.0,2369.0,1.0,0.5487098472880464
C1986,44.0,1.0,3.0,1.0,2630.0,0.0,1.0
C1987,61.0,1.0,1.0,1.0,1669.0,0.0,0.0
C1988,21.0,0.0,0.0,1.0,3501.0,1.0,0.5487098472880464
C0001,43.0,0.0,1.0,1.0,3832.0,0.0,0.0
C1990,57.0,1.0,1.0,1.0,1307.0,0.0,0.0
C1991,30.0,1.0,2.0,1.0,3515.0,1.0,1.0
C1992,31.0,0.0,3.0,1.0,1777.0,1.0,0.0
C0001,52.0,1.0,0.0,1.0,3829.0,0.0,0.0
C1994,43.0,1.0,2.909952606635071,0.5734597156398105,2349.0,1.0,1.0
C1995,23.0,1.0,2.0,1.0,2182.0,0.0,1.0
C1996,63.0,1.0,4.0,1.0,1231.0,0.0,0.0
C1998,32.0,1.0,1.0,1.0,1519.0,1.0,0.5487098472880464
C1999,29.0,0.0,2.0,0.5734597156398105,801.0,0.0,0.0
C2000,32.0,0.0,0.0,0.0,1684.0,1.0,0.5487098472880464
